X,Y,LATITUD,LONGITUD,XGK,YGK,NOMLOC_10,NOMMUNI_10,CODMUNI_10,PROV,DEPTO,NOM_DEPTO,CODLOC
4494739.816875950433314,6416722.111907660029829,32 23 27,63 03 27,6416773.0000000000,4494591.0000000000,ANA ZUMARAN,ANA ZUMARAN,3232,14,182,UNION,030
4525416.552979749627411,6375085.130137249827385,32 45 49,62 43 40,6375386.0000000000,4525506.0000000000,VILLA LOS PATOS,VILLA LOS PATOS,3246,14,182,UNION,280
4495578.410232169553638,6289431.31137309037149,33 32 18,63 02 53,6289511.0000000000,4495548.0000000000,SAN SEVERO,,,14,182,UNION,260
4490430.609853910282254,6405499.79383547976613,32 29 28,63 06 10,6405649.0000000000,4490338.0000000000,RAMON J CARCANO,,,14,182,UNION,230
4538450.0,6392139.5,32 36 41,62 35 25,6392252.0000000000,4538451.0000000000,MONTE LE�A,MONTE LE�A,1673,14,182,UNION,160
4545794,6423016,32 19 57,62 30 49,6423128.0000000000,4545795.0000000000,CHILIBROSTE,CHILIBROSTE,1631,14,182,UNION,090
4524963.727505560033023,6297673.112947939895093,33 27 49,62 43 57,6297780.0000000000,4524878.0000000000,COLONIA BREMEN,COLONIA BREMEN,3239,14,182,UNION,120
4526541.124644690193236,6315832.851904,33 18 01,62 42 48,6315875.0000000000,4526702.0000000000,COLONIA BISMARCK,COLONIA BISMARCK,1645,14,182,UNION,110
4497461.5,6394730.0,32 35 19,63 01 37,6394842.0000000000,4497461.0000000000,BALLESTEROS SUD,BALLESTEROS SUD,1603,14,182,UNION,050
4507942.21950452029705,6271745.423586109653115,33 41 42,62 54 41,6272145.0000000000,4508207.0000000000,ALDEA SANTA MARIA,ALDEA SANTA MARIA,3225,14,182,UNION,010
4510855.470546600408852,6421736.066538110375404,32 20 46,62 53 07,6421729.0000000000,4510793.0000000000,ALTO ALEGRE,ALTO ALEGRE,1589,14,182,UNION,020
4525086.55038014985621,6283646.162728250026703,33 35 24,62 43 49,6283735.0000000000,4525027.0000000000,BENJAMIN GOULD,BENJAMIN GOULD,1617,14,182,UNION,070
4534597.5,6436339.5,32 12 46,62 37 59,6436450.0000000000,4534598.0000000000,SAN ANTONIO DE LITIN,SAN ANTONIO DE LITIN,1722,14,182,UNION,240
4532667.5,6425778.5,32 18 29,62 39 11,6425890.0000000000,4532668.0000000000,CINTRA,CINTRA,1638,14,182,UNION,100
4514749.208561629988253,6251495.149923889897764,33 52 51,62 50 27,6251524.0000000000,4514735.0000000000,PUEBLO ITALIANO,PUEBLO ITALIANO,1715,14,182,UNION,220
4496918,6369827,32 48 47,63 01 58,6369940.0000000000,4496918.0000000000,IDIAZABAL,IDIAZABAL,1652,14,182,UNION,130
4490835.5,6266239.0,33 44 49,63 05 56,6266355.0000000000,4490836.0000000000,VIAMONTE,VIAMONTE,1736,14,182,UNION,270
4521452.0,6330001.5,33 10 19,62 46 12,6330116.0000000000,4521453.0000000000,WENCESLAO ESCALANTE,WENCESLAO ESCALANTE,1743,14,182,UNION,290
4496169.434812280349433,6335262.45727785024792,33 07 30,63 02 34,6335355.0000000000,4496016.0000000000,PASCANAS,PASCANAS,1708,14,182,UNION,210
4512558.020661240443587,6366828.409816400147974,32 50 29,62 51 58,6366813.0000000000,4512540.0000000000,ORDO�EZ,ORDO�EZ,1701,14,182,UNION,200
4548611.5,6389984.0,32 37 49,62 28 55,6390096.0000000000,4548613.0000000000,SAN MARCOS,SAN MARCOS SUD,1729,14,182,UNION,250
4515395.0,6394158.5,32 35 37,62 50 01,6394271.0000000000,4515395.0000000000,MORRISON,MORRISON,1687,14,182,UNION,180
4501568.5,6399523.0,32 32 43,62 58 60,6399635.0000000000,4501569.0000000000,BALLESTEROS,BALLESTEROS,1596,14,182,UNION,040
4564907.983587860129774,6419182.042461100034416,32 22 00,62 18 43,6419237.0000000000,4564745.0000000000,NOETINGER,NOETINGER,1694,14,182,UNION,190
4513435.393752760253847,6332188.696328089572489,33 09 11,62 51 22,6332241.0000000000,4513427.0000000000,LABORDE,LABORDE,1666,14,182,UNION,150
4537207.770231929607689,6326290.56936748046428,33 12 16,62 36 05,6326460.0000000000,4537178.0000000000,MONTE MAIZ,MONTE MAIZ,1680,14,182,UNION,170
4529918,6361970,32 53 00,62 40 49,6362083.0000000000,4529919.0000000000,JUSTINIANO POSSE,JUSTINIANO POSSE,1659,14,182,UNION,140
4510623,6286723,33 33 45,62 53 08,6286838.0000000000,4510623.0000000000,CANALS,CANALS,1624,14,182,UNION,080
4529174.0,6390255.5,32 37 43,62 41 21,6390368.0000000000,4529174.0000000000,BELL VILLE,BELL VILLE,1610,14,182,UNION,060
4408692.647844259627163,6642101.35559072997421,30 21 17,63 56 48,6642163.0000000000,4408986.0000000000,SAN JOSE DE LA DORMIDA,SAN JOSE DE LA DORMIDA,1561,14,175,TULUMBA,080
4392113.892832989804447,6637410.302307940088212,30 23 51,64 07 23,6637254.0000000000,4392060.0000000000,VILLA TULUMBA,VILLA TULUMBA,1582,14,175,TULUMBA,110
4352333.963122599758208,6707116.481259239837527,29 45 58,64 31 39,6706786.0000000000,4352273.0000000000,EL TUSCAL,LUCIO VICTORIO MANSILLA,1554,14,175,TULUMBA,040
4334921.759802940301597,6702240.598265159875154,29 48 23,64 42 24,6702095.0000000000,4335011.0000000000,LUCIO V MANSILLA,LUCIO VICTORIO MANSILLA,1554,14,175,TULUMBA,060
4343271.830677329562604,6679735.146645080298185,30 00 33,64 37 30,6679733.0000000000,4343201.0000000000,SAN JOSE DE LAS SALINAS,SAN JOSE DE LAS SALINAS,1568,14,175,TULUMBA,090
4410742.2605154896155,6662668.344137280248106,30 10 05,63 55 47,6662846.0000000000,4410457.0000000000,CHURQUI CA�ADA,CHURQUI CA�ADA,3204,14,175,TULUMBA,020
4416692.10393622983247,6662015.818238579668105,30 10 34,63 52 05,6662015.0000000000,4416400.0000000000,EL RODEO,EL RODEO,3211,14,175,TULUMBA,030
4454484.911072690039873,6633956.640322719700634,30 25 53,63 28 26,6633924.0000000000,4454485.0000000000,ROSARIO DEL SALADILLO,ROSARIO DEL SALADILLO,3218,14,175,TULUMBA,070
4388726.224298539571464,6671280.044686280190945,30 05 20,64 09 21,6671450.0000000000,4388562.0000000000,SAN PEDRO NORTE,SAN PEDRO NORTE,1575,14,175,TULUMBA,100
4442805.979946020059288,6639695.239433689974248,30 22 53,63 35 48,6639434.0000000000,4442651.0000000000,LAS ARRIAS,LAS ARRIAS,1547,14,175,TULUMBA,050
4381927.548835679888725,6584435.800449050031602,30 52 21,64 13 46,6584480.0000000000,4382410.0000000000,SANTA CATALINA,LA PAMPA,3183,14,168,TOTORAL,080
4393649.62689065001905,6595363.560348560102284,30 46 27,64 06 32,6595500.0000000000,4393835.0000000000,SARMIENTO,SARMIENTO,1526,14,168,TOTORAL,090
4430597.284489969722927,6599868.804905979894102,30 44 14,63 43 25,6599916.0000000000,4430698.0000000000,CA�ADA DE LUQUE,CA�ADA DE LUQUE,1512,14,168,TOTORAL,020
4423374.426951269619167,6588591.100686769932508,30 50 21,63 48 03,6588541.0000000000,4423387.0000000000,CANDELARIA SUR,CANDELARIA SUD,3169,14,168,TOTORAL,010
4378396.662930480204523,6576561.596190419979393,30 56 36,64 16 36,6576587.0000000000,4378008.0000000000,LA PAMPA,LA PAMPA,3183,14,168,TOTORAL,040
4396296.62838767003268,6576675.788775750435889,30 56 35,64 05 42,6576787.0000000000,4395359.0000000000,SINSACATE,SINSACATE,1533,14,168,TOTORAL,110
4397705.719686199910939,6603239.513936780393124,30 42 14,64 04 06,6603338.0000000000,4397656.0000000000,VILLA DEL TOTORAL,VILLA DEL TOTORAL,1540,14,168,TOTORAL,120
4437448.619001570157707,6618106.11682218965143,30 34 23,63 39 06,6618154.0000000000,4437479.0000000000,CAPILLA DE SITON,CAPILLA DE SITON,3176,14,168,TOTORAL,030
4405413,6628650,30 28 31,63 59 06,6628754.0000000000,4405411.0000000000,SIMBOLAR,SIMBOLAR,3197,14,168,TOTORAL,100
4414985,6612018,30 37 34,63 53 12,6612123.0000000000,4414984.0000000000,LOS MISTOLES,LOS MISTOLES,3109,14,168,TOTORAL,070
4404097.030762540176511,6619034.733806409873068,30 33 42,64 00 07,6619151.0000000000,4403869.0000000000,LAS PE�AS,LAS PE�AS,1519,14,168,TOTORAL,060
4480977.86180801037699,6455115.76750591956079,32 02 45,63 12 06,6455002.0000000000,4480941.0000000000,LOS ZORROS,LOS ZORROS,1470,14,161,TERCERO ARRIBA,100
4418367.739941970445216,6456035.47628351021558,32 02 00,63 51 46,6456090.0000000000,4418492.0000000000,COLONIA ALMADA,COLONIA ALMADA,1428,14,161,TERCERO ARRIBA,020
4439387.464823889546096,6433231.075980099849403,32 14 30,63 38 32,6433133.0000000000,4439477.0000000000,PAMPAYASTA NORTE,PAMPAYASTA NORTE,3155,14,161,TERCERO ARRIBA,120
4418230.500589409843087,6424045.535494259558618,32 19 24,63 52 14,6423916.0000000000,4418039.0000000000,GENERAL FOTHERINGHAM,GENERAL FOTHERINGHAM,3141,14,161,TERCERO ARRIBA,050
4423928.0,6395901.5,32 34 32,63 48 37,6396014.0000000000,4423926.0000000000,PUNTA DEL AGUA,PUNTA DEL AGUA,3162,14,161,TERCERO ARRIBA,140
4412584.460196319967508,6403159.800708490423858,32 30 36,63 55 44,6403168.0000000000,4412702.0000000000,LAS ISLETILLAS,LAS ISLETILLAS,3148,14,161,TERCERO ARRIBA,080
4456064.641852989792824,6442078.09030217025429,32 09 41,63 27 55,6442131.0000000000,4456119.0000000000,JAMES CRAIK,JAMES CRAIK,1456,14,161,TERCERO ARRIBA,070
4387284.5,6456579.5,32 01 31,64 11 35,6456690.0000000000,4387282.0000000000,CORRALITO,CORRALITO,1435,14,161,TERCERO ARRIBA,030
4439041.627586609683931,6431944.075241699814796,32 15 03,63 39 04,6432121.0000000000,4438651.0000000000,PAMPAYASTA SUR,PAMPAYASTA SUR,1484,14,161,TERCERO ARRIBA,130
4445408.638016830198467,6392176.959880059584975,32 36 39,63 34 48,6392224.0000000000,4445571.0000000000,DALMACIO VELEZ,DALMACIO VELEZ,1442,14,161,TERCERO ARRIBA,040
4416133.583106080070138,6441624.639680559746921,32 09 52,63 53 33,6441539.0000000000,4415809.0000000000,VILLA ASCASUBI,VILLA ASCASUBI,1505,14,161,TERCERO ARRIBA,170
4433784.441931679844856,6382385.721409039571881,32 41 53,63 42 30,6382467.0000000000,4433581.0000000000,LAS PERDICES,LAS PERDICES,1463,14,161,TERCERO ARRIBA,090
4407681.817986619658768,6432999.529253860004246,32 14 25,63 58 48,6433055.0000000000,4407642.0000000000,TANCACHA,TANCACHA,1498,14,161,TERCERO ARRIBA,160
4381657.581269499845803,6438167.890341060236096,32 11 36,64 15 16,6437971.0000000000,4381715.0000000000,ALMAFUERTE,ALMAFUERTE,1421,14,161,TERCERO ARRIBA,010
4431165.563412889838219,6412687.579306219704449,32 25 39,63 43 59,6412459.0000000000,4431058.0000000000,HERNANDO,HERNANDO,1449,14,161,TERCERO ARRIBA,060
4446259.629093100316823,6455662.270817250013351,32 02 29,63 34 01,6455390.0000000000,4446221.0000000000,OLIVA,OLIVA,1477,14,161,TERCERO ARRIBA,110
4393744.698843370191753,6440696.476893450133502,32 10 23,64 06 47,6440375.0000000000,4395019.0000000000,RIO TERCERO,RIO TERCERO,1491,14,161,TERCERO ARRIBA,150
4393126.463773139752448,6728140.280020429752767,29 34 51,64 06 09,6727817.0000000000,4393168.0000000000,POZO NUEVO,POZO NUEVO,3134,14,154,SOBREMONTE,040
4392483.678953370079398,6688486.511452480219305,29 54 50,64 07 48,6690867.0000000000,4390874.0000000000,CHU�A HUASI,CHU�A HUASI,3127,14,154,SOBREMONTE,030
4398680.659566420130432,6673905.484542259946465,30 04 12,64 03 16,6673624.0000000000,4398319.0000000000,CAMINIAGA,CAMINIAGA,3120,14,154,SOBREMONTE,010
4408796.084066330455244,6705026.191957069560885,29 47 18,63 56 35,6704951.0000000000,4408812.0000000000,SAN FRANCISCO DEL CHA�AR,SAN FRANCISCO DEL CHA�AR,1414,14,154,SOBREMONTE,050
4366581.605148009955883,6519517.835613209754229,,,6519343.0000000000,4364867.0000000000,MILENICA,MALAGUE�O,1393,14,147,SANTA MARIA,217
4359447.846056830137968,6498461.529860460199416,31 39 28,64 25 44,6497184.0000000000,4364480.0000000000,EL POTRERILLO,ALTA GRACIA,1372,14,147,SANTA MARIA,095
4372507.096861659549177,6505194.122694360092282,31 35 22,64 21 13,6504857.0000000000,4371513.0000000000,CAMPOS DEL VIRREY,VILLA PARQUE SANTA ANA,3106,14,147,SANTA MARIA,055
4366375.229242679663002,6518806.85849685035646,31 27 29,64 25 18,6519343.0000000000,4364867.0000000000,CAUSANA,MALAGUE�O,1393,14,147,SANTA MARIA,065
4361879.8043766701594,6521621.995224080048501,31 26 07,64 26 57,6521836.0000000000,4362220.0000000000,SAN NICOLAS - TIERRA ALTA,MALAGUE�O,1393,14,147,SANTA MARIA,260
4363719.66916180960834,6488614.747489529661834,31 44 09,64 26 20,6488490.0000000000,4363636.0000000000,VILLA LOS AROMOS,VILLA LOS AROMOS,3099,14,147,SANTA MARIA,340
4362019.83129796013236,6488558.585965289734304,31 43 59,64 27 23,6488782.0000000000,4361975.0000000000,LA SERRANITA,LA SERRANITA,3036,14,147,SANTA MARIA,180
4361717.642883629538119,6486391.002079769968987,31 45 27,64 26 55,6486093.0000000000,4362743.0000000000,LA RANCHERITA Y LAS CASCADAS,LA RANCHERITA,3029,14,147,SANTA MARIA,170
4356779.0,6481796.5,31 47 40,64 30 44,6481906.0000000000,4356776.0000000000,VILLA CIUDAD DE AMERICA,VILLA CIUDAD DE AMERICA,3078,14,147,SANTA MARIA,310
4353743.538511909544468,6482627.814536140300333,31 46 57,64 32 33,6483204.0000000000,4353902.0000000000,POTRERO DE GARAY,POTRERO DE GARAY,3050,14,147,SANTA MARIA,230
4372145.796680189669132,6504545.656007709912956,31 35 22,64 21 13,6504857.0000000000,4371513.0000000000,VILLA PARQUE SANTA ANA,VILLA PARQUE SANTA ANA,3106,14,147,SANTA MARIA,350
4365117.373629489913583,6519163.799519370310009,31 27 29,64 25 18,6519343.0000000000,4364867.0000000000,VILLA SIERRAS DE ORO,MALAGUE�O,1393,14,147,SANTA MARIA,370
4378286.723920430056751,6511900.041910939849913,31 31 34,64 17 05,6511929.0000000000,4377975.0000000000,LOS CEDROS,LOS CEDROS,3043,14,147,SANTA MARIA,190
4374849.692989979870617,6521453.425237899646163,31 27 43,64 24 49,6518919.0000000000,4365640.0000000000,BARRIO GILBERT (1� DE MAYO) - TEJAS TRES,MALAGUE�O,1393,14,147,SANTA MARIA,030
4371851.224311009980738,6521167.796353179961443,31 26 33,64 20 55,6521137.0000000000,4371807.0000000000,LA PERLA,MALAGUE�O,1393,14,147,SANTA MARIA,160
4369776.999308220110834,6520822.740273660048842,31 26 49,64 21 58,6520617.0000000000,4370141.0000000000,YOCSINA,MALAGUE�O,1393,14,147,SANTA MARIA,380
4371141.29160891007632,6518859.35286405030638,31 27 53,64 21 30,6518658.0000000000,4370893.0000000000,MALAGUE�O,MALAGUE�O,1393,14,147,SANTA MARIA,210
4367838.732927369885147,6489519.580771749839187,31 43 29,64 24 06,6489792.0000000000,4367149.0000000000,COSTA AZUL,ANISACATE,2987,14,147,SANTA MARIA,070
4365568.851666109636426,6488697.262708759866655,31 43 53,64 24 47,6489020.0000000000,4366091.0000000000,VALLE DE ANISACATE,VALLE DE ANISACATE,3071,14,147,SANTA MARIA,300
4364606.025513700209558,6489317.460642550140619,31 43 44,64 25 57,6489294.0000000000,4364243.0000000000,VILLA LA BOLSA,VILLA LA BOLSA,3092,14,147,SANTA MARIA,330
4359718.894975010305643,6490113.855617039836943,31 43 01,64 28 40,6490275.0000000000,4359917.0000000000,LA PAISANITA,LA PAISANITA,3022,14,147,SANTA MARIA,150
4366183.217232069931924,6490224.153325329534709,31 43 23,64 24 52,6489943.0000000000,4365935.0000000000,ANISACATE,ANISACATE,2987,14,147,SANTA MARIA,020
4363974.79664225038141,6476933.414517490193248,31 50 15,64 26 01,6477245.0000000000,4364286.0000000000,BOCA DEL RIO,VILLA SAN ISIDRO,3113,14,147,SANTA MARIA,120
4397559.268144969828427,6511758.979120570234954,31 31 43,64 04 17,6511890.0000000000,4398257.0000000000,LA CARBONADA,TOLEDO,1407,14,147,SANTA MARIA,130
4391390.434025609865785,6511552.995672360062599,31 31 48,64 08 45,6511649.0000000000,4391180.0000000000,SOCAVONES,,,14,147,SANTA MARIA,270
4386555.334966819733381,6508532.34848618041724,31 33 28,64 11 40,6508541.0000000000,4386589.0000000000,BOUWER,BOUWER,2994,14,147,SANTA MARIA,050
4380619.380371839739382,6498593.120330969803035,31 38 48,64 15 40,6498608.0000000000,4380373.0000000000,RAFAEL GARCIA,RAFAEL GARCIA,3057,14,147,SANTA MARIA,240
4382927.780486430041492,6469167.164724649861455,31 54 42,64 14 24,6469247.0000000000,4382713.0000000000,MONTE RALO,MONTE RALO,1400,14,147,SANTA MARIA,220
4366055.551357889547944,6481055.339776249602437,31 48 20,64 25 17,6480788.0000000000,4365410.0000000000,JOSE DE LA QUINTANA,VILLA SAN ISIDRO,3113,14,147,SANTA MARIA,115
4368865.044850240461528,6478667.600917370058596,31 48 45,64 24 01,6480032.0000000000,4367184.0000000000,VILLA SAN ISIDRO,VILLA SAN ISIDRO,3113,14,147,SANTA MARIA,360
4370631.128698719665408,6487569.419576209969819,31 45 07,64 21 46,6486821.0000000000,4370877.0000000000,DIQUE CHICO,DIQUE CHICO,3001,14,147,SANTA MARIA,090
4363391.114921810105443,6502214.916947119869292,31 36 08,64 26 59,6503296.0000000000,4362416.0000000000,VALLE ALEGRE,VILLA DEL PRADO,3085,14,147,SANTA MARIA,290
4361169.737883790396154,6505022.810027769766748,31 35 08,64 27 18,6505160.0000000000,4361902.0000000000,FALDA DEL CARMEN,FALDA DEL CARMEN,3008,14,147,SANTA MARIA,110
4361766.678578229621053,6509839.11617899965495,31 32 04,64 27 21,6510808.0000000000,4361725.0000000000,FALDA DEL CA�ETE,MALAGUE�O,1393,14,147,SANTA MARIA,100
4345976.705702959559858,6490499.936169859953225,31 42 60,64 37 36,6490381.0000000000,4345818.0000000000,SAN CLEMENTE,SAN CLEMENTE,3064,14,147,SANTA MARIA,250
4368340.307137769646943,6501582.479297430254519,31 37 05,64 23 33,6501635.0000000000,4367871.0000000000,VILLA DEL PRADO,VILLA DEL PRADO,3085,14,147,SANTA MARIA,320
4396968.385311259888113,6498620.857640320435166,31 38 54,64 05 24,6498578.0000000000,4396611.0000000000,LOZADA,LOZADA,1386,14,147,SANTA MARIA,200
4404289.5,6508785.5,31 33 22,64 00 29,6508894.0000000000,4404287.0000000000,TOLEDO,TOLEDO,1407,14,147,SANTA MARIA,280
4377609.580222399905324,6479886.861442790366709,31 49 01,64 17 20,6479676.0000000000,4377954.0000000000,DESPE�ADEROS,DESPE�ADEROS,1379,14,147,SANTA MARIA,080
4364483.5,6497075.0,31 39 28,64 25 44,6497184.0000000000,4364480.0000000000,ALTA GRACIA,ALTA GRACIA,1372,14,147,SANTA MARIA,010
4389908.595024850219488,6511559.790954239666462,31 31 45,64 10 08,6511718.0000000000,4388986.0000000000,CASEROS CENTRO,BOUWER,2994,14,147,SANTA MARIA,060
4526640.060319050215185,6474071.807656190358102,31 52 23,62 43 08,6474148.0000000000,4526608.0000000000,LAS VARILLAS,LAS VARILLAS,1288,14,140,SAN JUSTO,270
4584762.770942100323737,6547598.0877187801525,,,6552377.0000000000,4586033.0000000000,COLONIA ITURRASPE,COLONIA ITURRASPE,2938,14,140,SAN JUSTO,215
4507058.184407499618828,6543742.948527299799025,31 14 43,62 55 32,6543781.0000000000,4507081.0000000000,COLONIA LAS PICHANAS,COLONIA LAS PICHANAS,2945,14,140,SAN JUSTO,080
4501321.041315729729831,6558834.703831099905074,31 06 33,62 59 16,6558902.0000000000,4501178.0000000000,TORO PUJIO,TORO PUJIO,2973,14,140,SAN JUSTO,390
4494169.710353929549456,6544154.538063409738243,31 14 07,63 03 36,6544908.0000000000,4494293.0000000000,LA TORDILLA,LA TORDILLA,1274,14,140,SAN JUSTO,250
4516633.5,6571479.0,30 59 40,62 49 33,6571585.0000000000,4516634.0000000000,MARULL,MARULL,1295,14,140,SAN JUSTO,280
4481558.5,6521262.0,31 26 51,63 11 38,6521370.0000000000,4481558.0000000000,VILLA DEL TRANSITO,TRANSITO,1358,14,140,SAN JUSTO,430
4481422.0,6523733.5,31 25 30,63 11 43,6523842.0000000000,4481421.0000000000,TRANSITO,TRANSITO,1358,14,140,SAN JUSTO,400
4495213,6524383,31 25 01,63 03 01,6524491.0000000000,4495213.0000000000,ARROYITO,ARROYITO,1176,14,140,SAN JUSTO,030
4573040.323124909773469,6557434.327310370281339,31 08 38,62 12 49,6554775.0000000000,4574994.0000000000,COLONIA ANITA,COLONIA ANITA,2931,14,140,SAN JUSTO,060
4502533.0,6526097.5,31 24 14,62 58 24,6526205.0000000000,4502533.0000000000,EL FUERTECITO,ARROYITO,1176,14,140,SAN JUSTO,190
4603645.750653590075672,6594575.550824980251491,30 47 00,61 55 03,6594482.0000000000,4603613.0000000000,COLONIA SAN PEDRO,COLONIA SAN PEDRO,2952,14,140,SAN JUSTO,120
4585099.558166120201349,6623132.429440679959953,30 31 39,62 06 51,6623055.0000000000,4585012.0000000000,COLONIA 10 DE JULIO,,,14,140,SAN JUSTO,070
4572978.894249170087278,6564847.152474160306156,31 03 11,62 14 08,6564869.0000000000,4572980.0000000000,COLONIA VALTELINA,COLONIA VALTELINA,2959,14,140,SAN JUSTO,140
4509808.446724380366504,6500672.820036520250142,31 38 00,62 53 48,6500742.0000000000,4509793.0000000000,VILLA SAN ESTEBAN,VILLA SAN ESTEBAN,2980,14,140,SAN JUSTO,440
4560112.5,6500802.0,31 37 50,62 21 59,6500911.0000000000,4560114.0000000000,COLONIA PROSPERIDAD,COLONIA PROSPERIDAD,1204,14,140,SAN JUSTO,100
4554290,6503576,31 36 21,62 25 40,6503685.0000000000,4554291.0000000000,COLONIA SANTA MARIA,COLONIA PROSPERIDAD,1204,14,140,SAN JUSTO,130
4573518.0,6509686.5,31 32 59,62 13 33,6509795.0000000000,4573520.0000000000,QUEBRACHO HERRADO,QUEBRACHO HERRADO,1323,14,140,SAN JUSTO,340
4585806.5,6529530.5,31 22 11,62 05 53,6529638.0000000000,4585809.0000000000,PLAZA SAN FRANCISCO,SAN FRANCISCO,1337,14,140,SAN JUSTO,320
4582561.753536210395396,6536798.26949134003371,31 18 17,62 07 60,6536879.0000000000,4582510.0000000000,ESTACION LUXARDO,PLAZA LUXARDO,2966,14,140,SAN JUSTO,210
4573418.626493910327554,6537256.82900794968009,31 18 06,62 13 45,6537279.0000000000,4573386.0000000000,PLAZA LUXARDO,PLAZA LUXARDO,2966,14,140,SAN JUSTO,310
4598064.254577349871397,6578892.968035450205207,30 55 26,61 58 25,6578969.0000000000,4598093.0000000000,SEEBER,SEEBER,1351,14,140,SAN JUSTO,380
4516298.110709150321782,6528346.267451300285757,31 23 04,62 49 43,6528342.0000000000,4516315.0000000000,EL TIO,EL TIO,1246,14,140,SAN JUSTO,200
4599839.523391909897327,6588032.825090779922903,30 50 30,61 57 21,6588084.0000000000,4599889.0000000000,COLONIA VIGNAUD,COLONIA VIGNAUD,1218,14,140,SAN JUSTO,150
4575039.987063320353627,6580997.488103450275958,30 54 25,62 12 56,6581033.0000000000,4575003.0000000000,LA PAQUITA,LA PAQUITA,1267,14,140,SAN JUSTO,240
4526238.263050329871476,6512416.960075629875064,31 31 42,62 43 28,6512382.0000000000,4526166.0000000000,COLONIA SAN BARTOLOME,COLONIA SAN BARTOLOME,1211,14,140,SAN JUSTO,110
4560621.51714835036546,6543186.685168590396643,31 14 55,62 21 50,6543265.0000000000,4560587.0000000000,COLONIA MARINA,COLONIA MARINA,1197,14,140,SAN JUSTO,090
4536390.272376419976354,6481921.452853959985077,31 48 05,62 37 02,6482083.0000000000,4536259.0000000000,LAS VARAS,LAS VARAS,1281,14,140,SAN JUSTO,260
4566097.795371820218861,6463307.627253459766507,31 58 02,62 18 09,6463533.0000000000,4565921.0000000000,EL FORTIN,EL FORTIN,1239,14,140,SAN JUSTO,180
4510055.853945909999311,6488770.180051649920642,31 44 28,62 53 36,6488802.0000000000,4510107.0000000000,EL ARA�ADO,EL ARA�ADO,1232,14,140,SAN JUSTO,170
4563262.5,6575536.0,30 57 23,62 20 16,6575643.0000000000,4563264.0000000000,ALTOS DE CHIPION,ALTOS DE CHIPION,1169,14,140,SAN JUSTO,020
4517658.218284769915044,6535346.465869209729135,31 19 21,62 48 52,6535224.0000000000,4517658.0000000000,VILLA CONCEPCION DEL TIO,VILLA CONCEPCION DEL TIO,1365,14,140,SAN JUSTO,420
4531074.0,6580317.5,30 54 52,62 40 30,6580423.0000000000,4531075.0000000000,MIRAMAR,MIRAMAR,1302,14,140,SAN JUSTO,290
4548995.641125289723277,6492902.233257349580526,31 42 11,62 29 02,6492937.0000000000,4548913.0000000000,SATURNINO MARIA LASPIUR,SATURNINO MARIA LASPIUR,1344,14,140,SAN JUSTO,370
4550511.5,6466670.5,31 56 19,62 27 57,6466781.0000000000,4550513.0000000000,ALICIA,ALICIA,1162,14,140,SAN JUSTO,010
4495702.0,6497337.5,31 39 48,63 02 43,6497447.0000000000,4495702.0000000000,SACANTA,SACANTA,1330,14,140,SAN JUSTO,350
4534941.46302231028676,6525814.514451529830694,31 24 23,62 38 04,6525870.0000000000,4534772.0000000000,LA FRANCIA,LA FRANCIA,1260,14,140,SAN JUSTO,230
4589443.0,6568964.5,31 00 50,62 03 48,6569071.0000000000,4589445.0000000000,PORTE�A,PORTE�A,1316,14,140,SAN JUSTO,330
4531829.185907299630344,6569742.80391900986433,31 00 39,62 40 02,6569757.0000000000,4531790.0000000000,BALNEARIA,BALNEARIA,1183,14,140,SAN JUSTO,040
4565985.0,6525884.5,31 24 14,62 18 22,6525993.0000000000,4565987.0000000000,DEVOTO,DEVOTO,1225,14,140,SAN JUSTO,160
4586034.639169819653034,6552305.88433825969696,31 09 53,62 05 51,6552377.0000000000,4586033.0000000000,FREYRE,FREYRE,1253,14,140,SAN JUSTO,220
4592227.5,6585285.5,30 51 60,62 02 08,6585391.0000000000,4592230.0000000000,BRINKMANN,BRINKMANN,1190,14,140,SAN JUSTO,050
4595366,6602536,30 42 39,62 00 16,6602642.0000000000,4595368.0000000000,MORTEROS,MORTEROS,1309,14,140,SAN JUSTO,300
4586838.5,6523112.0,31 25 39,62 05 12,6523220.0000000000,4586841.0000000000,SAN FRANCISCO,SAN FRANCISCO,1337,14,140,SAN JUSTO,360
4308607.496791100129485,6425624.871974959969521,32 17 55,65 02 18,6425189.0000000000,4308011.0000000000,LA RAMADA,LA PAZ,1127,14,133,SAN JAVIER,080
4308611.776326909661293,6429793.276068240404129,32 15 00,65 01 57,6430563.0000000000,4308444.0000000000,QUEBRACHO LADEADO,LA PAZ,1127,14,133,SAN JAVIER,155
4308280.554845489561558,6431479.618283489719033,32 14 24,65 02 11,6431688.0000000000,4308064.0000000000,LAS CHACRAS,LA PAZ,1127,14,133,SAN JAVIER,095
4311614.374869359657168,6471085.666946589946747,31 53 11,64 59 26,6470996.0000000000,4311648.0000000000,EL PANTANILLO,LOS HORNILLOS,2917,14,133,SAN JAVIER,050
4311857.233725369907916,6469275.495905079878867,31 54 06,64 59 24,6469281.0000000000,4311733.0000000000,LOS HORNILLOS,LOS HORNILLOS,2917,14,133,SAN JAVIER,120
4306898.385609989985824,6434158.390284690074623,32 13 02,65 03 04,6434174.0000000000,4306624.0000000000,LA PAZ,LA PAZ,1127,14,133,SAN JAVIER,060
4308759.00815215986222,6434030.783987550064921,32 13 06,65 01 54,6434082.0000000000,4308472.0000000000,LOMA BOLA,LA PAZ,1127,14,133,SAN JAVIER,105
4308572.765795280225575,6451098.464321349747479,32 03 58,65 01 51,6450989.0000000000,4308213.0000000000,LA POBLACION,LA POBLACION,2896,14,133,SAN JAVIER,070
4308271.197064979933202,6455595.859863770194352,32 01 37,65 01 55,6455331.0000000000,4308023.0000000000,SAN JAVIER Y YACANTO,SAN JAVIER Y YACANTO,1134,14,133,SAN JAVIER,170
4301213.630782360211015,6463458.563477369956672,31 57 08,65 06 05,6463482.0000000000,4301307.0000000000,LAS TAPIAS,LAS TAPIAS,2903,14,133,SAN JAVIER,100
4308101.293913570232689,6462474.516980339772999,31 57 44,65 02 18,6462502.0000000000,4307296.0000000000,LOS MOLLES,VILLA DE LAS ROSAS,1148,14,133,SAN JAVIER,130
4306124.312728960067034,6463814.743942149914801,31 56 55,65 03 18,6463982.0000000000,4305688.0000000000,VILLA DE LAS ROSAS,VILLA DE LAS ROSAS,1148,14,133,SAN JAVIER,190
4311962.944391690194607,6472362.88672627042979,31 52 18,64 59 34,6472609.0000000000,4311420.0000000000,DOS ARROYOS,LOS HORNILLOS,2917,14,133,SAN JAVIER,040
4289464.864429789595306,6449266.709860160015523,32 04 44,65 13 53,6449190.0000000000,4289318.0000000000,CONLARA,CONLARA,2889,14,133,SAN JAVIER,010
4309253.540593880228698,6427041.182905839756131,32 16 40,65 01 39,6427492.0000000000,4308990.0000000000,CRUZ CA�A,LA PAZ,1127,14,133,SAN JAVIER,030
4307036.607433189637959,6445671.689466579817235,32 06 24,65 03 50,6446419.0000000000,4305197.0000000000,LA TRAVESIA,LUYABA,2924,14,133,SAN JAVIER,090
4307224.965072480030358,6472418.137931349687278,31 52 22,65 02 14,6472411.0000000000,4307208.0000000000,VILLA LA VI�A,VILLA DE LAS ROSAS,1148,14,133,SAN JAVIER,210
4307383.162395380437374,6467708.964722899720073,31 54 26,65 02 13,6468603.0000000000,4307315.0000000000,QUEBRADA DE LOS POZOS,VILLA DE LAS ROSAS,1148,14,133,SAN JAVIER,160
4305838.973983380012214,6441710.118470810353756,32 08 54,65 03 24,6441810.0000000000,4305959.0000000000,LUYABA,LUYABA,2924,14,133,SAN JAVIER,150
4281087.953140240162611,6462445.005962939932942,31 57 27,65 18 41,6462494.0000000000,4281468.0000000000,SAN JOSE,SAN JOSE,1141,14,133,SAN JAVIER,180
4269007.146349559538066,6460316.439114729873836,31 58 26,65 26 16,6460423.0000000000,4269563.0000000000,LOS CERRILLOS,LOS CERRILLOS,2910,14,133,SAN JAVIER,110
4293080.939481570385396,6464000.372266230173409,31 56 39,65 11 46,6464211.0000000000,4292332.0000000000,VILLA DOLORES,VILLA DOLORES,1155,14,133,SAN JAVIER,200
4279406.074037250131369,6496475.896573020145297,31 39 48,65 19 09,6495102.0000000000,4280037.0000000000,LAS OSCURAS,SAN PEDRO,1106,14,126,SAN ALBERTO,060
4274904.248410089872777,6494589.903747919946909,31 40 07,65 22 21,6494406.0000000000,4274993.0000000000,LA CORTADERA,SAN PEDRO,1106,14,126,SAN ALBERTO,040
4311391.637214889749885,6476680.7902468200773,31 49 57,64 59 08,6476965.0000000000,4312010.0000000000,SAN HUBERTO,NONO,1099,14,126,SAN ALBERTO,130
4312614.049884529784322,6473876.880622760392725,31 51 37,64 59 09,6473885.0000000000,4312058.0000000000,LAS RABONAS,LAS RABONAS,2854,14,126,SAN ALBERTO,070
4313161.551047929562628,6477985.418769169598818,31 49 14,64 58 18,6478303.0000000000,4313304.0000000000,LAS CALLES,LAS CALLES,2847,14,126,SAN ALBERTO,050
4314703.535569789819419,6475495.207806410267949,31 50 56,64 57 21,6475193.0000000000,4314861.0000000000,EL HUAYCO,LAS CALLES,2847,14,126,SAN ALBERTO,030
4310260.0,6480923.5,31 47 44,65 00 12,6481033.0000000000,4310256.0000000000,NONO,NONO,1099,14,126,SAN ALBERTO,110
4265463.319385319948196,6470180.29484202992171,31 53 49,65 31 29,6468754.0000000000,4261136.0000000000,SAN MARTIN,SAN VICENTE,2875,14,126,SAN ALBERTO,150
4293609.056103969924152,6466384.807561719790101,31 54 41,65 10 02,6467889.0000000000,4295002.0000000000,SAUCE ARRIBA,SAUCE ARRIBA,2882,14,126,SAN ALBERTO,180
4289080.820273379795253,6465072.497989109717309,31 55 48,65 14 32,6465677.0000000000,4287942.0000000000,LOS CALLEJONES,SAN PEDRO,1106,14,126,SAN ALBERTO,080
4270004.407949959859252,6473884.553589849732816,31 51 22,65 24 35,6473549.0000000000,4271908.0000000000,SAN VICENTE,SAN VICENTE,2875,14,126,SAN ALBERTO,170
4310161.669766609556973,6484657.45841948967427,31 44 58,65 00 39,6486123.0000000000,4309455.0000000000,ARROYO LOS PATOS,ARROYO LOS PATOS,2840,14,126,SAN ALBERTO,020
4305027.890209609642625,6498986.191778370179236,31 37 28,65 03 07,6499921.0000000000,4305290.0000000000,PANAHOLMA,PANAHOLMA,2861,14,126,SAN ALBERTO,120
4308422.188548079691827,6494839.124120290391147,31 40 56,65 01 32,6493566.0000000000,4307923.0000000000,SAN LORENZO,SAN LORENZO,2868,14,126,SAN ALBERTO,140
4295405.738179209642112,6499016.112509190104902,31 37 49,65 08 54,6499098.0000000000,4296165.0000000000,TASNA,PANAHOLMA,2861,14,126,SAN ALBERTO,190
4303570.605531600303948,6520879.671042059548199,31 25 38,65 04 32,6521748.0000000000,4302633.0000000000,MUSSI,AMBUL,2833,14,126,SAN ALBERTO,100
4304746.404760720208287,6514863.305610439740121,31 29 23,65 03 24,6514866.0000000000,4304573.0000000000,AMBUL,AMBUL,2833,14,126,SAN ALBERTO,010
4308588.5,6490790.5,31 42 23,65 01 09,6490900.0000000000,4308585.0000000000,VILLA CURA BROCHERO,VILLA CURA BROCHERO,1113,14,126,SAN ALBERTO,200
4309917.5,6488549.5,31 43 36,65 00 20,6488658.0000000000,4309914.0000000000,MINA CLAVERO,MINA CLAVERO,1092,14,126,SAN ALBERTO,090
4289955.980992710217834,6465056.367829130031168,31 56 13,65 13 09,6464968.0000000000,4290130.0000000000,SAN PEDRO,SAN PEDRO,1106,14,126,SAN ALBERTO,160
4292730.0,6464929.5,31 56 12,65 11 30,6465040.0000000000,4292725.0000000000,VILLA SARMIENTO,VILLA SARMIENTO (S.A.),1120,14,126,SAN ALBERTO,210
4468536.876989849843085,6526407.701626069843769,31 24 08,63 19 56,6526358.0000000000,4468416.0000000000,LOS CHA�ARITOS,LOS CHA�ARITOS,2819,14,119,RIO SEGUNDO,110
4467460.170768300071359,6514580.150783459655941,31 30 29,63 20 32,6514598.0000000000,4467499.0000000000,CAPILLA DEL CARMEN,CAPILLA DEL CARMEN,0987,14,119,RIO SEGUNDO,030
4460222.5,6527886.0,31 23 14,63 25 06,6527994.0000000000,4460221.0000000000,SANTIAGO TEMPLE,SANTIAGO TEMPLE,1078,14,119,RIO SEGUNDO,200
4449284.5,6509333.5,31 33 14,63 32 03,6509442.0000000000,4449284.0000000000,VILLA DEL ROSARIO,VILLA DEL ROSARIO,1085,14,119,RIO SEGUNDO,210
4452277.575327060185373,6469071.55171149969101,31 55 03,63 30 17,6469149.0000000000,4452265.0000000000,COLONIA VIDELA,COLONIA VIDELA,2805,14,119,RIO SEGUNDO,060
4441460.979457910172641,6504762.351095399819314,31 35 43,63 36 56,6504814.0000000000,4441581.0000000000,RINCON,RINCON,2826,14,119,RIO SEGUNDO,180
4438339,6482374,31 47 48,63 39 04,6482483.0000000000,4438337.0000000000,IMPIRA,IMPIRA,2812,14,119,RIO SEGUNDO,080
4473694.129301150329411,6475335.971728489734232,31 51 48,63 16 41,6475228.0000000000,4473676.0000000000,CALCHIN OESTE,CALCHIN OESTE,0980,14,119,RIO SEGUNDO,020
4451434.321586599573493,6491576.981575779616833,31 42 52,63 30 43,6491660.0000000000,4451484.0000000000,MATORRALES,MATORRALES,1043,14,119,RIO SEGUNDO,140
4429303.769447280094028,6477070.9138711001724,31 50 39,63 44 46,6477162.0000000000,4429381.0000000000,MANFREDI,MANFREDI,1036,14,119,RIO SEGUNDO,130
4427922.0,6498884.5,31 38 50,63 45 36,6498993.0000000000,4427920.0000000000,COSTASACATE,COSTASACATE,1008,14,119,RIO SEGUNDO,070
4463821.392926029860973,6463965.893788860179484,31 57 51,63 23 00,6464009.0000000000,4463757.0000000000,COLAZO,COLAZO,1001,14,119,RIO SEGUNDO,050
4488975.5,6474230.5,31 52 18,63 06 59,6474340.0000000000,4488975.0000000000,CARRILOBO,CARRILOBO,0994,14,119,RIO SEGUNDO,040
4457352.124901570379734,6478755.286357849836349,31 49 53,63 27 02,6478721.0000000000,4457340.0000000000,LAS JUNTURAS,LAS JUNTURAS,1022,14,119,RIO SEGUNDO,100
4481089.908553089946508,6496838.606054520234466,31 40 05,63 12 02,6496916.0000000000,4480969.0000000000,CALCHIN,CALCHIN,0973,14,119,RIO SEGUNDO,010
4467295.0,6499108.5,31 38 49,63 20 41,6499217.0000000000,4467294.0000000000,LUQUE,LUQUE,1029,14,119,RIO SEGUNDO,120
4507565.5,6457844.5,32 01 01,62 55 12,6457955.0000000000,4507565.0000000000,POZO DEL MOLLE,POZO DEL MOLLE,1064,14,119,RIO SEGUNDO,170
4424006.667910830117762,6484552.597074500285089,31 46 42,63 48 01,6484405.0000000000,4423964.0000000000,LAGUNA LARGA,LAGUNA LARGA,1015,14,119,RIO SEGUNDO,090
4435336.5,6469464.5,31 54 46,63 41 01,6469574.0000000000,4435335.0000000000,ONCATIVO,ONCATIVO,1050,14,119,RIO SEGUNDO,150
4416339.792982939630747,6495155.849923379719257,31 40 50,63 52 53,6495208.0000000000,4416416.0000000000,PILAR,PILAR,1057,14,119,RIO SEGUNDO,160
4413536.679297010414302,6498546.954006929881871,31 39 00,63 54 43,6498544.0000000000,4413508.0000000000,RIO SEGUNDO,RIO SEGUNDO,1071,14,119,RIO SEGUNDO,190
4445798.904273480176926,6715089.18181573972106,29 41 54,63 33 40,6715172.0000000000,4445700.0000000000,SAN PEDRO DE GUTEMBERG,GUTEMBERG,2756,14,112,RIO SECO,090
4459007.033269380219281,6651854.494434709660709,30 14 21,63 29 30,6655246.0000000000,4452673.0000000000,PUESTO DE CASTRO,PUESTO DE CASTRO,2777,14,112,RIO SECO,070
4505214.472055519931018,6661439.62315899971873,30 11 05,62 49 49,6661371.0000000000,4516358.0000000000,LA RINCONADA,LA RINCONADA,2763,14,112,RIO SECO,050
4439476.013472479768097,6703596.576631110161543,29 48 09,63 37 39,6703587.0000000000,4439348.0000000000,LOS HOYOS,LOS HOYOS,2770,14,112,RIO SECO,060
4465705.022157680243254,6702155.959488309919834,29 48 59,63 21 17,6702163.0000000000,4465700.0000000000,VILLA CANDELARIA,VILLA CANDELARIA NORTE,2798,14,112,RIO SECO,120
4418527.219913770444691,6668782.956602529622614,30 07 03,63 50 38,6668530.0000000000,4418679.0000000000,SANTA ELENA,SANTA ELENA,2791,14,112,RIO SECO,100
4420416.743493979796767,6673358.195384110324085,30 04 27,63 49 30,6673333.0000000000,4420458.0000000000,RAYO CORTADO,RAYO CORTADO,2784,14,112,RIO SECO,080
4417656.617586930282414,6681662.397981010377407,30 00 50,63 51 01,6680000.0000000000,4417961.0000000000,CHA�AR VIEJO,CHA�AR VIEJO,2742,14,112,RIO SECO,020
4410335.977879219688475,6670707.888425759971142,30 05 39,63 55 46,6671042.0000000000,4410416.0000000000,CERRO COLORADO,CERRO COLORADO,2735,14,112,RIO SECO,010
4443091.112562529742718,6690029.24435309972614,29 55 29,63 35 20,6690051.0000000000,4443134.0000000000,EUFRASIO LOZA,EUFRACIO LOZA,2749,14,112,RIO SECO,030
4450162.877465169876814,6712557.559123439714313,29 43 22,63 30 54,6712479.0000000000,4450172.0000000000,GUTEMBERG,GUTEMBERG,2756,14,112,RIO SECO,040
4442830.852246990427375,6663586.8073770403862,30 09 41,63 35 36,6663806.0000000000,4442832.0000000000,SEBASTIAN ELCANO,SEBASTIAN ELCANO,0959,14,112,RIO SECO,110
4430221.471767839975655,6692385.224020569585264,29 54 16,63 43 20,6692235.0000000000,4430239.0000000000,VILLA DE MARIA,VILLA DE MARIA,0966,14,112,RIO SECO,130
4499898,6582800,30 53 33,63 00 04,6582906.0000000000,4499898.0000000000,LA PARA,LA PARA,0903,14,105,RIO PRIMERO,110
4485523.86725964024663,6563986.359304719604552,31 03 44,63 09 00,6564079.0000000000,4485672.0000000000,LA QUINTA,LA QUINTA,2686,14,105,RIO PRIMERO,140
4488917.0,6582630.5,30 53 38,63 06 57,6582736.0000000000,4488917.0000000000,VILLA FONTANA,VILLA FONTANA,0952,14,105,RIO PRIMERO,270
4449503.428103590384126,6529829.112187780439854,31 22 13,63 31 57,6529826.0000000000,4449332.0000000000,KILOMETRO 658,KILOMETRO 658,2672,14,105,RIO PRIMERO,100
4446332.868251649662852,6597295.165362469851971,30 45 39,63 33 36,6597361.0000000000,4446373.0000000000,CHALACEA,CHALACEA,2630,14,105,RIO PRIMERO,040
4432446.397024969570339,6581492.036055609583855,30 54 13,63 42 20,6581474.0000000000,4432547.0000000000,ATAHONA,ATAHONA,2609,14,105,RIO PRIMERO,010
4449132,6581026,30 54 27,63 31 56,6581132.0000000000,4449131.0000000000,MAQUINISTA GALLINI,MAQUINISTA GALLINI,2707,14,105,RIO PRIMERO,170
4442517.0,6572658.5,30 58 57,63 36 06,6572765.0000000000,4442516.0000000000,MONTE DEL ROSARIO,,,14,105,RIO PRIMERO,180
4450496.891635599546134,6618981.809298699721694,30 33 55,63 30 59,6619065.0000000000,4450468.0000000000,LA POSTA,LA POSTA,2679,14,105,RIO PRIMERO,120
4478733.69596515968442,6547906.760432239621878,31 10 25,63 20 15,6551697.0000000000,4467817.0000000000,COLONIA LAS CUATRO ESQUINAS,COLONIA LAS CUATRO ESQUINAS,2637,14,105,RIO PRIMERO,050
4442235.768383409827948,6551885.869514750316739,31 10 07,63 36 27,6552145.0000000000,4442075.0000000000,PUEBLO COMECHINGONES,COMECHINGONES,2644,14,105,RIO PRIMERO,230
4424263.580891580320895,6562094.678097659721971,31 04 38,63 47 37,6562151.0000000000,4424271.0000000000,ESQUINA,ESQUINA,2665,14,105,RIO PRIMERO,090
4442682.737456900067627,6557795.271068629808724,31 06 58,63 36 06,6557959.0000000000,4442601.0000000000,EL ALCALDE,,,14,105,RIO PRIMERO,070
4442139.063525149598718,6568711.331165970303118,31 01 05,63 36 19,6568841.0000000000,4442214.0000000000,EL CRISPIN,EL CRISPIN,2658,14,105,RIO PRIMERO,080
4444180.308548400178552,6523255.088775199837983,31 25 44,63 35 13,6523286.0000000000,4444188.0000000000,CA�ADA DE MACHADO,CA�ADA DE MACHADO,2616,14,105,RIO PRIMERO,020
4457644.185268820263445,6538892.883845349773765,31 17 23,63 26 44,6538783.0000000000,4457585.0000000000,SAGRADA FAMILIA,SAGRADA FAMILIA,2721,14,105,RIO PRIMERO,250
4478218.161564059555531,6556279.287620830349624,31 05 18,63 14 31,6561182.0000000000,4476924.0000000000,LAS GRAMILLAS,LAS GRAMILLAS,2693,14,105,RIO PRIMERO,150
4467530.83340519014746,6567782.393002980388701,31 01 43,63 20 25,6567766.0000000000,4467512.0000000000,DIEGO DE ROJAS,DIEGO DE ROJAS,2651,14,105,RIO PRIMERO,060
4475125.369361340068281,6573388.195462940260768,30 58 41,63 15 35,6573396.0000000000,4475200.0000000000,PLAZA DE MERCEDES,PLAZA DE MERCEDES,2714,14,105,RIO PRIMERO,220
4480516.5,6597535.5,30 45 34,63 12 13,6597641.0000000000,4480516.0000000000,LAS SALADAS,LAS SALADAS,2700,14,105,RIO PRIMERO,160
4420830.853801899589598,6522967.577859680168331,31 25 49,63 49 56,6522994.0000000000,4420884.0000000000,CAPILLA DE LOS REMEDIOS,CAPILLA DE LOS REMEDIOS,2623,14,105,RIO PRIMERO,030
4427841.845150910317898,6537328.106421899981797,31 17 59,63 45 33,6537527.0000000000,4427729.0000000000,PIQUILLIN,PIQUILLIN,0931,14,105,RIO PRIMERO,210
4460467.14416856970638,6595180.029357889667153,30 46 52,63 24 47,6595177.0000000000,4460462.0000000000,OBISPO TREJO,OBISPO TREJO,0924,14,105,RIO PRIMERO,200
4475785.0,6582764.5,30 53 33,63 15 12,6582870.0000000000,4475785.0000000000,LA PUERTA,LA PUERTA,0910,14,105,RIO PRIMERO,130
4410000.600092059932649,6532367.978514810092747,31 20 38,63 56 45,6532481.0000000000,4409998.0000000000,MONTECRISTO,MONTE CRISTO,0917,14,105,RIO PRIMERO,190
4440814.5,6534219.5,31 19 45,63 37 19,6534327.0000000000,4440814.0000000000,RIO PRIMERO,RIO PRIMERO,0938,14,105,RIO PRIMERO,240
4461591.858735620044172,6554064.912908709608018,31 09 05,63 24 06,6554128.0000000000,4461707.0000000000,SANTA ROSA DE RIO PRIMERO,SANTA ROSA DE RIO PRIMERO,0945,14,105,RIO PRIMERO,260
4329745.481463300064206,6298934.905433069914579,33 26 22,64 49 54,6298976.0000000000,4329667.0000000000,SUCO,SUCO,2588,14,098,RIO CUARTO,270
4327494.894687769934535,6359783.764815869741142,32 53 33,64 50 37,6359633.0000000000,4327489.0000000000,LAS ALBAHACAS,LAS ALBAHACAS,2567,14,098,RIO CUARTO,160
4325246.74210911989212,6359433.830177470110357,32 53 01,64 52 44,6360298.0000000000,4324172.0000000000,VILLA EL CHACAY,VILLA EL CHACAY,2595,14,098,RIO CUARTO,300
4336622.041495740413666,6385025.317359549924731,32 40 36,64 44 14,6383748.0000000000,4337040.0000000000,VILLA SANTA EUGENIA,ALPA CORRAL,0777,14,098,RIO CUARTO,310
4402202.171751270070672,6329959.597566439770162,33 10 12,64 02 59,6329866.0000000000,4402095.0000000000,PASO DEL DURAZNO,PASO DEL DURAZNO,2329,14,098,RIO CUARTO,220
4396274.202348560094833,6400188.704452239908278,32 32 05,64 06 19,6400264.0000000000,4396172.0000000000,LAS PE�AS,LAS PE�AS SUD,2574,14,098,RIO CUARTO,180
4365018.809821009635925,6257365.979309690184891,33 49 08,64 27 25,6257446.0000000000,4365111.0000000000,TOSQUITA,TOSQUITA,0826,14,098,RIO CUARTO,280
4417429.5,6278109.0,33 38 13,63 53 24,6278225.0000000000,4417428.0000000000,MONTE DE LOS GAUCHOS,MONTE DE LOS GAUCHOS,0854,14,098,RIO CUARTO,210
4366906.254975140094757,6294009.346014879643917,33 29 22,64 25 55,6294028.0000000000,4366913.0000000000,MALENA,MALENA,2414,14,098,RIO CUARTO,200
4313860.32547665014863,6285719.142730380408466,33 33 23,65 00 19,6285713.0000000000,4313771.0000000000,CHAJAN,CHAJAN,0798,14,098,RIO CUARTO,070
4339083.875140439718962,6327185.483853859826922,33 11 13,64 43 30,6327170.0000000000,4339114.0000000000,LA CAROLINA,LA CAROLINA EL POTOSI,2560,14,098,RIO CUARTO,120
4382628.218851369805634,6325479.646269720047712,33 12 30,64 15 30,6325411.0000000000,4382667.0000000000,LA GILDA,LA GILDA,0833,14,098,RIO CUARTO,140
4390694.510694979690015,6347546.779424110427499,33 00 32,64 10 16,6347615.0000000000,4390551.0000000000,CHUCUL,CHUCUL,2553,14,098,RIO CUARTO,080
4338541.330618330277503,6382041.767812199890614,32 41 25,64 43 16,6382243.0000000000,4338581.0000000000,ALPA CORRAL,ALPA CORRAL,0777,14,098,RIO CUARTO,040
4343614.037409760057926,6250862.954746649600565,33 52 24,64 41 19,6251067.0000000000,4343757.0000000000,WASHINGTON,WASHINGTON,2602,14,098,RIO CUARTO,320
4399897.831215440295637,6240041.915533159859478,33 58 43,64 05 03,6240149.0000000000,4399800.0000000000,LA CAUTIVA,LA CAUTIVA,0826,14,098,RIO CUARTO,130
4352965.098034090362489,6316833.959634420461953,33 17 02,64 34 41,6316615.0000000000,4352984.0000000000,LAS VERTIENTES,LAS VERTIENTES,0847,14,098,RIO CUARTO,190
4344148.407161179929972,6292022.961966720409691,33 30 12,64 40 32,6292142.0000000000,4344299.0000000000,BULNES,BULNES,0791,14,098,RIO CUARTO,060
4372732.145460059866309,6365097.331034840084612,32 50 58,64 21 36,6365084.0000000000,4372696.0000000000,CORONEL BAIGORRIA,CORONEL BAIGORRIA,0805,14,098,RIO CUARTO,090
4409026.812287930399179,6317534.794309089891613,33 16 56,63 58 33,6317490.0000000000,4409091.0000000000,LAS ACEQUIAS,LAS ACEQUIAS,0833,14,098,RIO CUARTO,150
4313971.760843610391021,6327731.265174970030785,33 10 37,64 59 40,6327813.0000000000,4313968.0000000000,ACHIRAS,ACHIRAS,0756,14,098,RIO CUARTO,010
4377683.423424519598484,6293272.433197479695082,33 29 52,64 18 55,6293227.0000000000,4377783.0000000000,SAN BASILIO,SAN BASILIO,0875,14,098,RIO CUARTO,250
4369197.0,6395707.5,32 34 19,64 23 35,6395819.0000000000,4369194.0000000000,ELENA,ELENA,0819,14,098,RIO CUARTO,110
4366221.5,6325346.0,33 12 21,64 26 05,6325460.0000000000,4366218.0000000000,SANTA CATALINA HOLMBERG,SANTA CATALINA,0882,14,098,RIO CUARTO,260
4374629.0,6375254.5,32 45 25,64 20 16,6375367.0000000000,4374626.0000000000,ALCIRA GIGENA,ALCIRA,0770,14,098,RIO CUARTO,030
4405227.626707649789751,6278616.284312820062041,33 37 54,64 01 15,6278698.0000000000,4405283.0000000000,ADELIA MARIA,ADELIA MARIA,0763,14,098,RIO CUARTO,020
4369277.667868220247328,6409313.584835289977491,32 27 10,64 23 08,6409050.0000000000,4369728.0000000000,BERROTARAN,BERROTARAN,0784,14,098,RIO CUARTO,050
4339577.418095580302179,6305142.827917220070958,33 23 04,64 43 19,6305244.0000000000,4339767.0000000000,SAMPACHO,SAMPACHO,0868,14,098,RIO CUARTO,240
4371365.455039460211992,6246372.977826150134206,33 55 02,64 23 25,6246614.0000000000,4371435.0000000000,VICU�A MACKENNA,VICU�A MACKENNA,0896,14,098,RIO CUARTO,290
4351647.665591480210423,6278918.532586369663477,33 37 23,64 35 50,6278967.0000000000,4351796.0000000000,CORONEL MOLDES,CORONEL MOLDES,0812,14,098,RIO CUARTO,100
4379862.0,6338469.5,33 05 21,64 17 13,6338584.0000000000,4379859.0000000000,LAS HIGUERAS,LAS HIGUERAS,0840,14,098,RIO CUARTO,170
4374131.5,6334512.5,33 07 27,64 20 55,6334626.0000000000,4374128.0000000000,RIO CUARTO,RIO CUARTO,0861,14,098,RIO CUARTO,230
4356708.459134349599481,6594805.307373880408704,30 47 42,64 31 16,6592731.0000000000,4354411.0000000000,QUEBRADA DE LUNA,CHARBONIER,2483,14,091,PUNILLA,170
4359059.245868819765747,6528479.478934939950705,31 22 22,64 28 56,6528725.0000000000,4358990.0000000000,VILLA LAGO AZUL,VILLA SANTA CRUZ DEL LAGO,2539,14,091,PUNILLA,280
4361418.528273009695113,6530875.994891749694943,31 20 59,64 27 36,6531299.0000000000,4361075.0000000000,SAN ROQUE,SAN ROQUE,2518,14,091,PUNILLA,200
4358231.104287919588387,6530697.319850689731538,31 20 45,64 28 49,6531714.0000000000,4359134.0000000000,VILLA PARQUE SIQUIMAN,VILLA PARQUE SIQUIMAN,2532,14,091,PUNILLA,290
4354899.691989189945161,6517747.443284439854324,31 28 42,64 31 44,6516957.0000000000,4354706.0000000000,SAN ANTONIO DE ARREDONDO,SAN ANTONIO DE ARREDONDO,2511,14,091,PUNILLA,180
4353302.857048200443387,6517672.201846780255437,31 28 00,64 32 34,6518198.0000000000,4353374.0000000000,MAYU SUMAJ,MAYU SUMAJ,2504,14,091,PUNILLA,160
4355457.33291232958436,6529253.302791330032051,31 22 01,64 31 14,6529044.0000000000,4355337.0000000000,VILLA SANTA CRUZ DEL LAGO,VILLA SANTA CRUZ DEL LAGO,2539,14,091,PUNILLA,320
4354778.570736729539931,6527086.130182409659028,31 23 03,64 31 02,6527392.0000000000,4355665.0000000000,ESTANCIA VIEJA,ESTANCIA VIEJA,2497,14,091,PUNILLA,090
4358794.792862730100751,6534676.596980160102248,31 18 44,64 27 47,6535441.0000000000,4360731.0000000000,BIALET MASSE,BIALET MASSE,0665,14,091,PUNILLA,020
4356822.392303460277617,6522334.31289894040674,31 25 06,64 29 36,6523656.0000000000,4357998.0000000000,VILLA CARLOS PAZ,VILLA CARLOS PAZ,0742,14,091,PUNILLA,250
4351685.662259349599481,6526709.04200167953968,31 23 35,64 33 49,6526350.0000000000,4351280.0000000000,CABALANGO,CABALANGO,2469,14,091,PUNILLA,030
4350100.02284227963537,6530163.514525069855154,31 21 18,64 35 27,6530548.0000000000,4348613.0000000000,TANTI,TANTI,0728,14,091,PUNILLA,230
4353172.109632539562881,6578801.671814770437777,30 55 12,64 32 01,6578852.0000000000,4353174.0000000000,SAN ESTEBAN,SAN ESTEBAN,0714,14,091,PUNILLA,190
4355879.207355869933963,6578238.094875260256231,30 55 37,64 30 09,6578120.0000000000,4356377.0000000000,LOS COCOS,LOS COCOS,0707,14,091,PUNILLA,140
4352256.8772182604298,6593178.635256569832563,30 50 15,64 32 12,6587994.0000000000,4352982.0000000000,BARRIO SANTA ISABEL,CHARBONIER,2483,14,091,PUNILLA,010
4351127.789440819993615,6538990.981535140424967,31 16 47,64 33 55,6538933.0000000000,4350933.0000000000,VILLA SAN JOSE,SANTA MARIA DE PUNILLA,0721,14,091,PUNILLA,310
4347721.878820880316198,6526639.754319540224969,31 23 11,64 36 01,6527035.0000000000,4347769.0000000000,VILLA FLOR SERRANA,TANTI,0728,14,091,PUNILLA,260
4350069.857712849974632,6536858.455891960300505,31 17 52,64 34 30,6536916.0000000000,4350043.0000000000,MALLIN,SANTA MARIA DE PUNILLA,0721,14,091,PUNILLA,150
4353071.750881830230355,6510767.58482925966382,31 31 06,64 32 05,6512513.0000000000,4354231.0000000000,LAS JARILLAS,SAN ANTONIO DE ARREDONDO,2511,14,091,PUNILLA,130
4352294.588607169687748,6594833.769000619649887,30 46 20,64 32 39,6595240.0000000000,4352168.0000000000,CHARBONIER,CHARBONIER,2483,14,091,PUNILLA,060
4351312.808602689765394,6517641.113433229736984,31 28 21,64 33 55,6517549.0000000000,4351255.0000000000,TALA HUASI,TALA HUASI,2525,14,091,PUNILLA,220
4351307.208267389796674,6516608.077112169936299,31 28 45,64 33 46,6516814.0000000000,4351494.0000000000,VILLA RIO ICHO CRUZ,VILLA RIO ICHO CRUZ,2546,14,091,PUNILLA,300
4349494.405310209840536,6517088.001272859983146,31 28 44,64 34 38,6516830.0000000000,4350106.0000000000,CUESTA BLANCA,CUESTA BLANCA,2490,14,091,PUNILLA,080
4354047.945310509763658,6585871.100763699971139,30 51 23,64 31 35,6585915.0000000000,4354009.0000000000,CAPILLA DEL MONTE,CAPILLA DEL MONTE,0672,14,091,PUNILLA,040
4357435.246674779802561,6572094.691293920390308,30 58 45,64 29 27,6572339.0000000000,4357574.0000000000,LA CUMBRE,LA CUMBRE,0693,14,091,PUNILLA,110
4360321.884597839787602,6539187.253775510005653,31 16 13,64 27 55,6540093.0000000000,4360443.0000000000,SANTA MARIA DE PUNILLA,SANTA MARIA DE PUNILLA,0721,14,091,PUNILLA,210
4359689.555087650194764,6545788.593616410158575,31 14 26,64 27 56,6543392.0000000000,4360381.0000000000,COSQUIN,COSQUIN,0679,14,091,PUNILLA,070
4359028.446415780112147,6552984.677360990084708,31 10 11,64 28 39,6551235.0000000000,4359124.0000000000,CASA GRANDE,CASA GRANDE,2476,14,091,PUNILLA,050
4357397.540185879915953,6566400.468623849563301,31 01 26,64 30 14,6567381.0000000000,4356402.0000000000,VILLA GIARDINO,VILLA GIARDINO,0749,14,091,PUNILLA,270
4359089.295679040253162,6556387.233867599628866,31 07 02,64 29 03,6557040.0000000000,4358414.0000000000,VALLE HERMOSO,VALLE HERMOSO,0735,14,091,PUNILLA,240
4357508.555272489786148,6562284.693520239554346,31 03 06,64 29 54,6564290.0000000000,4356980.0000000000,HUERTA GRANDE,HUERTA GRANDE,0686,14,091,PUNILLA,100
4358644.685390399768949,6559635.402726,31 05 31,64 29 11,6559845.0000000000,4358167.0000000000,LA FALDA,LA FALDA,0700,14,091,PUNILLA,120
4432246.12035418022424,6232265.919133709743619,34 03 04,63 43 56,6232392.0000000000,4432400.0000000000,RIO BAMBA,RIO BAMBA,2455,14,084,PTE ROQUE SAENZ PE�A,060
4485797.505720869638026,6219121.155977900139987,34 10 18,63 09 13,6219238.0000000000,4485849.0000000000,ROSALES,ROSALES,0644,14,084,PTE ROQUE SAENZ PE�A,070
4502163.356673260219395,6215670.088939080014825,34 12 15,62 58 37,6215667.0000000000,4502130.0000000000,LEGUIZAMON,LEGUIZAMON,2448,14,084,PTE ROQUE SAENZ PE�A,040
4502395.956013809889555,6243553.684789130464196,33 57 07,62 58 28,6243644.0000000000,4502358.0000000000,LA CESIRA,LA CESIRA,0623,14,084,PTE ROQUE SAENZ PE�A,020
4414782,6236713,34 00 35,63 55 21,6236830.0000000000,4414780.0000000000,GENERAL LEVALLE,GENERAL LEVALLE,0616,14,084,PTE ROQUE SAENZ PE�A,010
4464325.031221089884639,6224326.609941580332816,34 07 25,63 23 19,6224524.0000000000,4464147.0000000000,LABOULAYE,LABOULAYE,0630,14,084,PTE ROQUE SAENZ PE�A,030
4434919.07620806992054,6181320.754425539635122,34 30 38,63 42 48,6181430.0000000000,4434500.0000000000,SAN JOAQUIN,SAN JOAQUIN,2462,14,084,PTE ROQUE SAENZ PE�A,080
4475180.590379199944437,6205305.302166069857776,34 17 53,63 16 07,6205223.0000000000,4475278.0000000000,VILLA ROSSI,VILLA ROSSI,0658,14,084,PTE ROQUE SAENZ PE�A,100
4458989.609079799614847,6199501.64152501989156,34 20 54,63 26 50,6199576.0000000000,4458857.0000000000,MELO,MELO,0637,14,084,PTE ROQUE SAENZ PE�A,050
4450613.5,6185921.0,34 28 12,63 32 15,6186039.0000000000,4450613.0000000000,SERRANO,SERRANO,0651,14,084,PTE ROQUE SAENZ PE�A,090
4300992.886367410421371,6534038.101458679884672,31 18 55,65 05 28,6534161.0000000000,4300938.0000000000,SALSACATE,SALSACATE,0609,14,077,POCHO,040
4312043.04781434033066,6529739.609976870007813,31 21 14,64 58 39,6530069.0000000000,4311825.0000000000,TALA CA�ADA,TALA CA�ADA,2434,14,077,POCHO,060
4304987.679354789666831,6526854.143928560428321,31 22 31,65 02 19,6527572.0000000000,4306053.0000000000,LOS TALARES,LOS TALARES,2420,14,077,POCHO,030
4266873.758425929583609,6522215.818312499672174,31 25 02,65 26 43,6522139.0000000000,4267450.0000000000,CHANCANI,CHANCANI,2406,14,077,POCHO,010
4282118.840335190296173,6526649.385768380016088,31 22 44,65 17 01,6526713.0000000000,4282511.0000000000,LAS PALMAS,LAS PALMAS,2413,14,077,POCHO,020
4317923.5,6531500.0,31 20 27,64 54 47,6531607.0000000000,4317920.0000000000,SAN GERONIMO,SAN GERONIMO,2427,14,077,POCHO,050
4302040.890878910198808,6530874.966321730054915,31 20 43,65 04 48,6530826.0000000000,4302039.0000000000,TANINGA,SALSACATE,0609,14,077,POCHO,070
4283154.972189850173891,6514470.039013200439513,31 29 01,65 16 45,6514845.0000000000,4283403.0000000000,VILLA DE POCHO,VILLA DE POCHO,2441,14,077,POCHO,080
4282054.768911009654403,6564247.474694290198386,31 02 11,65 16 08,6564738.0000000000,4283365.0000000000,CIENAGA DEL CORO,CIENAGA DEL CORO,2357,14,070,MINAS,010
4275790.712498839944601,6560166.131076299585402,31 05 51,65 19 41,6557846.0000000000,4277846.0000000000,GUASAPAMPA,GUASAPAMPA,2378,14,070,MINAS,040
4293546,6541174,31 14 59,65 10 02,6541281.0000000000,4293541.0000000000,TALAINI,TALAINI,2392,14,070,MINAS,070
4279259.96145540010184,6573095.151164709590375,30 56 60,65 18 36,6574252.0000000000,4279248.0000000000,TOSNO,TOSNO,2399,14,070,MINAS,080
4274525.530181010253727,6567541.761646710336208,31 02 06,65 20 43,6564744.0000000000,4276065.0000000000,LA PLAYA,LA PLAYA,2385,14,070,MINAS,050
4288546.687151690013707,6554630.14593867957592,31 07 27,65 13 37,6555086.0000000000,4287572.0000000000,ESTANCIA DE GUADALUPE,ESTANCIA DE GUADALUPE,2371,14,070,MINAS,030
4245762.471157439984381,6590223.420302639715374,30 48 06,65 38 39,6589974.0000000000,4246918.0000000000,EL CHACHO,EL CHACHO,2364,14,070,MINAS,020
4299630.0,6549513.5,31 10 32,65 06 06,6549621.0000000000,4299626.0000000000,SAN CARLOS MINAS,SAN CARLOS MINAS,0602,14,070,MINAS,060
4566100.701814309693873,6367426.461088440380991,32 44 56,62 19 50,6376881.0000000000,4562728.0000000000,VILLA ELISA,VILLA ELISA,2350,14,063,MARCOS JUAREZ,230
4561455.5,6356325.5,32 55 59,62 20 34,6356439.0000000000,4561457.0000000000,SALADILLO,SALADILLO,2343,14,063,MARCOS JUAREZ,220
4598063.587123320437968,6361157.805559289641678,32 53 18,61 56 05,6361095.0000000000,4599676.0000000000,COLONIA VEINTICINCO,LOS SURGENTES,0574,14,063,MARCOS JUAREZ,080
4576457.456692459993064,6314230.409572510048747,33 18 43,62 10 51,6314324.0000000000,4576288.0000000000,COLONIA ITALIANA,COLONIA ITALIANA,0511,14,063,MARCOS JUAREZ,070
4536552.48988797981292,6320549.762349369935691,33 15 31,62 36 29,6320475.0000000000,4536512.0000000000,COLONIA BARGE,COLONIA BARGE,2336,14,063,MARCOS JUAREZ,060
4568053.5,6321449.0,33 14 50,62 16 11,6321563.0000000000,4568055.0000000000,CAPITAN GENERAL BERNARDO O`HIGGINS,CAPITAN GENERAL B. O'HIGGINS,0497,14,063,MARCOS JUAREZ,040
4584473.271028059534729,6414535.819977779872715,32 24 23,62 06 11,6414692.0000000000,4584388.0000000000,SAIRA,SAIRA,0595,14,063,MARCOS JUAREZ,210
4561466.219454330392182,6295969.450215050019324,33 28 42,62 20 22,6295971.0000000000,4561406.0000000000,CAVANAGH,CAVANAGH,0504,14,063,MARCOS JUAREZ,050
4564754.444855529814959,6335560.317386940121651,33 07 19,62 18 13,6335469.0000000000,4564980.0000000000,GENERAL BALDISSERA,GENERAL BALDISSERA,0532,14,063,MARCOS JUAREZ,110
4601504,6378473,32 43 50,61 55 02,6378586.0000000000,4601506.0000000000,GENERAL ROCA,GENERAL ROCA,0539,14,063,MARCOS JUAREZ,120
4591254,6350413,32 59 04,62 01 25,6350527.0000000000,4591256.0000000000,LOS SURGENTES,LOS SURGENTES,0574,14,063,MARCOS JUAREZ,170
4552254.958409779705107,6297873.891331059858203,33 27 42,62 26 21,6297866.0000000000,4552140.0000000000,GUATIMOZIN,GUATIMOZIN,0546,14,063,MARCOS JUAREZ,130
4534905.32322183996439,6281678.872593469917774,33 36 27,62 37 34,6281765.0000000000,4534697.0000000000,ALEJO LEDESMA,ALEJO LEDESMA,0476,14,063,MARCOS JUAREZ,010
4571946.664373639971018,6355156.931702270172536,32 56 38,62 13 50,6355183.0000000000,4571954.0000000000,INRIVILLE,INRIVILLE,0553,14,063,MARCOS JUAREZ,140
4555572.942644800059497,6322435.695744610391557,33 14 24,62 24 16,6322430.0000000000,4555507.0000000000,ISLA VERDE,ISLA VERDE,0560,14,063,MARCOS JUAREZ,150
4550730,6358120,32 55 03,62 27 28,6358233.0000000000,4550731.0000000000,MONTE BUEY,MONTE BUEY,0588,14,063,MARCOS JUAREZ,190
4584396.462293650023639,6334708.917194,33 07 25,62 05 48,6335131.0000000000,4584310.0000000000,CAMILO ALDAO,CAMILO ALDAO,0490,14,063,MARCOS JUAREZ,030
4555403.5,6277830.0,33 38 28,62 24 10,6277946.0000000000,4555405.0000000000,ARIAS,ARIAS,0483,14,063,MARCOS JUAREZ,020
4611110.5,6347700.5,33 00 25,61 48 39,6347814.0000000000,4611113.0000000000,CRUZ ALTA,CRUZ ALTA,0525,14,063,MARCOS JUAREZ,100
4565675.5,6386773.5,32 39 30,62 17 60,6386886.0000000000,4565677.0000000000,LEONES,LEONES,0567,14,063,MARCOS JUAREZ,160
4575879.0,6317573.5,33 16 54,62 11 08,6317688.0000000000,4575881.0000000000,CORRAL DE BUSTOS,CORRAL DE BUSTOS,0518,14,063,MARCOS JUAREZ,090
4584224.917600790038705,6383137.680731830187142,32 41 29,62 06 21,6383098.0000000000,4583857.0000000000,MARCOS JUAREZ,MARCOS JUAREZ,0581,14,063,MARCOS JUAREZ,180
4472521.514984619803727,6302456.571462949737906,33 25 13,63 17 49,6302578.0000000000,4472379.0000000000,LA CARLOTA,LA CARLOTA,0434,14,056,JUAREZ CELMAN,100
4454619.240821840241551,6265076.765214770101011,33 45 36,63 29 24,6264811.0000000000,4454617.0000000000,PACHECO DE MELO,PACHECO DE MELO,2322,14,056,JUAREZ CELMAN,130
4415131.0,6343914.5,33 02 37,63 54 31,6344028.0000000000,4415129.0000000000,OLAETA,OLAETA,0448,14,056,JUAREZ CELMAN,120
4456123.5,6304633.5,33 24 00,63 28 18,6304749.0000000000,4456122.0000000000,LOS CISNES,LOS CISNES,0441,14,056,JUAREZ CELMAN,110
4450071.451030470430851,6275302.047867599874735,33 39 52,63 32 21,6275389.0000000000,4449988.0000000000,EL RASTREADOR,EL RASTREADOR,2315,14,056,JUAREZ CELMAN,060
4479065.122208300046623,6278828.207601119764149,33 37 60,63 13 33,6278956.0000000000,4479041.0000000000,ASSUNTA,ASSUNTA,2308,14,056,JUAREZ CELMAN,020
4437251.969755199737847,6345958.83370378986001,33 01 39,63 40 19,6345977.0000000000,4437225.0000000000,BENGOLEA,BENGOLEA,0392,14,056,JUAREZ CELMAN,030
4402248.90021551027894,6346062.549251579679549,33 01 27,64 02 45,6346052.0000000000,4402289.0000000000,CHARRAS,CHARRAS,0406,14,056,JUAREZ CELMAN,050
4440947.731585839763284,6275136.300023339688778,33 39 56,63 38 14,6275222.0000000000,4440896.0000000000,HUANCHILLAS,HUANCHILLA,0427,14,056,JUAREZ CELMAN,090
4419643.935240630060434,6326658.914604119956493,33 12 05,63 51 44,6326544.0000000000,4419605.0000000000,VILLA REDUCCION,VILLA REDUCCION,0455,14,056,JUAREZ CELMAN,170
4404109.728441759943962,6358246.863296519964933,32 54 55,64 01 32,6358143.0000000000,4404056.0000000000,CARNERILLO,CARNERILLO,0399,14,056,JUAREZ CELMAN,040
4473588.877225269563496,6329560.607431880198419,33 10 36,63 16 55,6329580.0000000000,4473696.0000000000,SANTA EUFEMIA,SANTA EUFEMIA,0462,14,056,JUAREZ CELMAN,150
4433203.367488009855151,6309773.078818060457706,33 21 23,63 43 14,6309452.0000000000,4432933.0000000000,ALEJANDRO ROCA,ALEJANDRO ROCA,0385,14,056,JUAREZ CELMAN,010
4452565.215076420456171,6345480.302275910042226,33 02 00,63 30 30,6345395.0000000000,4452519.0000000000,UCACHA,UCACHA,0469,14,056,JUAREZ CELMAN,160
4426407.429324599914253,6376009.788668439723551,32 45 18,63 47 06,6376124.0000000000,4426432.0000000000,GENERAL DEHEZA,GENERAL DEHEZA,0420,14,056,JUAREZ CELMAN,080
4418178.0,6369628.5,32 48 43,63 52 25,6369742.0000000000,4418176.0000000000,GENERAL CABRERA,GENERAL CABRERA,0413,14,056,JUAREZ CELMAN,070
4356123.598803949542344,6609572.014932479709387,30 36 41,64 33 20,6613049.0000000000,4350829.0000000000,COPACABANA,COPACABANA,2280,14,049,ISCHILIN,040
4358368.557913820259273,6657945.259371589869261,30 12 59,64 27 24,6656960.0000000000,4359759.0000000000,VILLA QUILINO,QUILINO,0378,14,049,ISCHILIN,130
4388825.074913890101016,6605992.037709989584982,30 39 25,64 10 55,6608428.0000000000,4386712.0000000000,VILLA GUTIERREZ,VILLA GUTIERREZ,2301,14,049,ISCHILIN,120
4361025.87959401961416,6630524.091359499841928,30 27 15,64 26 51,6630616.0000000000,4360962.0000000000,SAN PEDRO DE TOYOS,DEAN FUNES,0371,14,049,ISCHILIN,110
4379777.414477759972215,6623663.818393049761653,30 30 56,64 15 59,6624029.0000000000,4378437.0000000000,LOS POZOS,LOS POZOS,2287,14,049,ISCHILIN,080
4322227.550940820015967,6613634.068671659566462,30 36 07,64 50 36,6613662.0000000000,4323209.0000000000,OLIVARES DE SAN NICOLAS,OLIVARES DE SAN NICOLAS,2294,14,049,ISCHILIN,090
4316771.470255189575255,6613769.797263160347939,30 36 06,64 54 27,6613608.0000000000,4317065.0000000000,ESQUINA DEL ALAMBRE,,,14,049,ISCHILIN,060
4339726.475365130230784,6628737.261809949763119,30 28 07,64 40 16,6628704.0000000000,4339501.0000000000,CHU�A,CHU�A,2273,14,049,ISCHILIN,030
4383374.5,6595037.296543899923563,30 46 33,64 13 06,6595201.0000000000,4383372.0000000000,CA�ADA DE RIO PINTO,CA�ADA DE RIO PINTO,2266,14,049,ISCHILIN,020
4384262.473376429639757,6615262.266118260100484,30 35 41,64 12 28,6615306.0000000000,4384157.0000000000,AVELLANEDA,AVELLANEDA,2259,14,049,ISCHILIN,010
4355801.751218570396304,6657036.967106619849801,30 12 57,64 30 11,6656957.0000000000,4355290.0000000000,QUILINO,QUILINO,0378,14,049,ISCHILIN,100
4370135.5,6634087.0,30 25 23,64 21 06,6634191.0000000000,4370133.0000000000,DEAN FUNES,DEAN FUNES,0371,14,049,ISCHILIN,050
4482647.745890789665282,6411897.843432960100472,32 26 03,63 11 04,6411948.0000000000,4482652.0000000000,VILLA ALBERTINA,VILLA MARIA,0357,14,042,GENERAL SAN MARTIN,160
4473481.609391399659216,6413855.280067199841142,32 26 04,63 17 15,6411914.0000000000,4472956.0000000000,VILLA OESTE,VILLA NUEVA,0364,14,042,GENERAL SAN MARTIN,190
4506497.209753889590502,6432276.697950939647853,32 15 02,62 55 54,6432318.0000000000,4506441.0000000000,SILVIO PELLICO,SILVIO PELLICO,0336,14,042,GENERAL SAN MARTIN,130
4476610.105035020038486,6401413.137131920084357,32 31 39,63 14 53,6401585.0000000000,4476705.0000000000,SANABRIA,AUSONIA,0280,14,042,GENERAL SAN MARTIN,120
4455124.5079974103719,6400088.9149489402771,32 32 25,63 28 35,6400110.0000000000,4455263.0000000000,LUCA,LUCA,0322,14,042,GENERAL SAN MARTIN,100
4478050.503666300326586,6426393.797492049634457,32 18 11,63 13 58,6426494.0000000000,4478069.0000000000,LAS MOJARRAS,,,14,042,GENERAL SAN MARTIN,090
4461583.394361400045455,6391675.669746750034392,32 36 56,63 24 33,6391775.0000000000,4461590.0000000000,LA PALESTINA,LA PALESTINA,0308,14,042,GENERAL SAN MARTIN,070
4484662.068213899619877,6437674.971589259803295,32 12 07,63 09 46,6437706.0000000000,4484651.0000000000,ARROYO ALGODON,ARROYO ALGODON,0226,14,042,GENERAL SAN MARTIN,010
4474250.847154700197279,6340573.676263730041683,33 04 38,63 16 32,6340616.0000000000,4474282.0000000000,CHAZON,CHAZON,0287,14,042,GENERAL SAN MARTIN,040
4477176.914966340176761,6386642.28267684020102,32 39 41,63 14 41,6386745.0000000000,4477036.0000000000,AUSONIA,AUSONIA,0280,14,042,GENERAL SAN MARTIN,030
4467997.172713880427182,6377158.854419530369341,32 44 49,63 20 28,6377224.0000000000,4468030.0000000000,PASCO,PASCO,0329,14,042,GENERAL SAN MARTIN,110
4476970.35439048986882,6371085.598204920068383,32 48 05,63 14 38,6371215.0000000000,4477146.0000000000,LA LAGUNA,LA LAGUNA,0301,14,042,GENERAL SAN MARTIN,060
4459005.540919939987361,6383157.495649970136583,32 41 31,63 26 07,6383299.0000000000,4459178.0000000000,TICINO,TICINO,0343,14,042,GENERAL SAN MARTIN,140
4497047.628999129869044,6449022.152030990459025,32 05 59,63 01 57,6449058.0000000000,4496930.0000000000,LA PLAYOSA,LA PLAYOSA,0315,14,042,GENERAL SAN MARTIN,080
4466652.5,6428191.5,32 17 11,63 21 14,6428303.0000000000,4466652.0000000000,TIO PUJIO,TIO PUJIO,0350,14,042,GENERAL SAN MARTIN,150
4462266.5,6405706.5,32 29 20,63 24 05,6405818.0000000000,4462266.0000000000,ARROYO CABRAL,ARROYO CABRAL,0273,14,042,GENERAL SAN MARTIN,020
4476878,6355674,32 56 26,63 14 50,6355788.0000000000,4476878.0000000000,ETRURIA,ETRURIA,0294,14,042,GENERAL SAN MARTIN,050
4476570.957055799663067,6412206.31747698970139,32 25 44,63 14 58,6412534.0000000000,4476547.0000000000,VILLA NUEVA,VILLA NUEVA,0364,14,042,GENERAL SAN MARTIN,180
4477205.207552679814398,6414834.997183579951525,32 24 43,63 14 60,6414390.0000000000,4476484.0000000000,VILLA MARIA,VILLA MARIA,0357,14,042,GENERAL SAN MARTIN,170
4340963.600842310115695,6223364.355714409612119,34 07 12,64 43 17,6223669.0000000000,4341191.0000000000,VILLA SARMIENTO,VILLA SARMIENTO (G. R.),2252,14,035,GENERAL ROCA,130
4376759.365070560015738,6188644.89168758969754,34 26 18,64 20 18,6188880.0000000000,4376989.0000000000,NICOLAS BRUZZONE,NICOLAS BRUZZONE,2224,14,035,GENERAL ROCA,070
4399392.150145799852908,6144269.202877819538116,34 50 37,64 05 56,6144162.0000000000,4399502.0000000000,RANQUELES,RANQUELES,2245,14,035,GENERAL ROCA,100
4416153.349461760371923,6144885.21142346970737,34 50 17,63 54 56,6144970.0000000000,4416253.0000000000,PINCEN,PINCEN,2238,14,035,GENERAL ROCA,090
4333724.431227260269225,6181877.631479060277343,34 29 47,64 48 34,6181753.0000000000,4333802.0000000000,ESTACION LECUEDER,,,14,035,GENERAL ROCA,020
4438475.200887099839747,6152246.104324369691312,34 46 13,63 40 13,6152651.0000000000,4438636.0000000000,ONAGOITY,ONAGOITY,2231,14,035,GENERAL ROCA,080
4428444.624632360413671,6150323.754020290449262,34 47 28,63 46 52,6150261.0000000000,4428504.0000000000,ITALO,ITALO,0231,14,035,GENERAL ROCA,050
4392324.657105419784784,6184158.073113299906254,34 28 49,64 10 10,6184396.0000000000,4392565.0000000000,MATTALDI,MATTALDI,0245,14,035,GENERAL ROCA,060
4453558.657820709981024,6157898.462029419839382,34 43 20,63 30 29,6158061.0000000000,4453468.0000000000,HIPOLITO BOUCHARD,BUCHARDO,0210,14,035,GENERAL ROCA,030
4323268.048175299540162,6198846.016713470220566,34 20 27,64 55 04,6198829.0000000000,4323519.0000000000,VILLA VALERIA,VILLA VALERIA,0259,14,035,GENERAL ROCA,140
4362351.011452989652753,6195665.486982840113342,34 22 34,64 29 40,6195575.0000000000,4362533.0000000000,DEL CAMPILLO,DEL CAMPILLO,0217,14,035,GENERAL ROCA,010
4413384.595728590153158,6180440.53398444969207,34 30 53,63 56 29,6180804.0000000000,4413545.0000000000,SANTA MAGDALENA (JOVITA),JOVITA,0238,14,035,GENERAL ROCA,110
4355105.468984399922192,6144140.229979540221393,34 50 14,64 35 00,6144292.0000000000,4355166.0000000000,VILLA HUIDOBRO,VILLA HUIDOBRO,0252,14,035,GENERAL ROCA,120
4374463,6144175,34 50 23,64 22 21,6144294.0000000000,4374460.0000000000,HUINCA RENANCO,HUINCA RENANCO,0224,14,035,GENERAL ROCA,040
4299150.487861069850624,6567669.190991939976811,31 00 48,65 06 03,6567620.0000000000,4299377.0000000000,LA HIGUERA,LA HIGUERA,2175,14,028,CRUZ DEL EJE,110
4278206.525423940271139,6638384.341741370037198,30 26 30,65 25 26,6630384.0000000000,4267141.0000000000,LA BATEA,LA BATEA,2168,14,028,CRUZ DEL EJE,100
4301977.590286410413682,6626962.676387029699981,30 28 46,65 03 35,6626902.0000000000,4302203.0000000000,GUANACO MUERTO,GUANACO MUERTO,2161,14,028,CRUZ DEL EJE,080
4334203.630404279567301,6579067.864288040436804,30 55 60,64 43 08,6577125.0000000000,4335704.0000000000,LAS CA�ADAS,LAS CA�ADAS,2182,14,028,CRUZ DEL EJE,120
4314742.360135699622333,6561954.394575430080295,31 03 59,64 56 33,6562024.0000000000,4314592.0000000000,CRUZ DE CA�A,CRUZ DE CA�A,2147,14,028,CRUZ DEL EJE,040
4304394.981703120283782,6620016.295454200357199,30 32 27,65 02 18,6620114.0000000000,4304374.0000000000,ALTO DE LOS QUEBRACHOS,ALTO DE LOS QUEBRACHOS,2133,14,028,CRUZ DEL EJE,010
4302941.547870189882815,6592575.025716580450535,30 48 16,65 02 37,6590886.0000000000,4304404.0000000000,BA�ADO DE SOTO,BA�ADO DE SOTO,2140,14,028,CRUZ DEL EJE,020
4312351.282212790101767,6618254.446723880246282,30 34 21,64 56 28,6616783.0000000000,4313779.0000000000,LOS CHA�ARITOS,LOS CHA�ARITOS (C. D. E.),2196,14,028,CRUZ DEL EJE,140
4323537.686346399597824,6601532.925424369983375,30 40 53,64 51 39,6604832.0000000000,4321690.0000000000,LAS PLAYAS,LAS PLAYAS,2189,14,028,CRUZ DEL EJE,130
4290195.406425690278411,6594703.950925930403173,30 46 07,65 11 11,6594593.0000000000,4290656.0000000000,PASO VIEJO,PASO VIEJO,2210,14,028,CRUZ DEL EJE,160
4314724.541158449836075,6609653.408031240105629,30 37 24,64 57 06,6611130.0000000000,4312873.0000000000,MEDIA NARANJA,MEDIA NARANJA,2203,14,028,CRUZ DEL EJE,150
4343163.664322660304606,6594957.8783651702106,30 45 26,64 38 37,6596750.0000000000,4342626.0000000000,LA BANDA,SAN MARCOS SIERRAS,0189,14,028,CRUZ DEL EJE,090
4342197.257512870244682,6598043.821391279809177,30 44 23,64 38 55,6598687.0000000000,4342126.0000000000,EL RINCON,SAN MARCOS SIERRAS,0189,14,028,CRUZ DEL EJE,070
4337884.972132730297744,6585507.504401249811053,30 52 00,64 40 58,6584558.0000000000,4339042.0000000000,CANTERAS QUILPO,SAN MARCOS SIERRAS,0189,14,028,CRUZ DEL EJE,030
4285794.239986320026219,6596777.093259300105274,30 42 55,65 16 23,6600341.0000000000,4282249.0000000000,TUCLAME,TUCLAME,2217,14,028,CRUZ DEL EJE,190
4320347.792936390265822,6605570.607998879626393,30 40 20,64 52 12,6605840.0000000000,4320793.0000000000,EL BRETE,EL BRETE,2154,14,028,CRUZ DEL EJE,060
4342845.174276770092547,6593948.77128322981298,30 45 53,64 39 44,6595892.0000000000,4340850.0000000000,SAN MARCOS SIERRA,SAN MARCOS SIERRAS,0189,14,028,CRUZ DEL EJE,170
4271162.162288789637387,6608613.910870250314474,30 38 21,65 22 53,6608573.0000000000,4271692.0000000000,SERREZUELA,SERREZUELA,0196,14,028,CRUZ DEL EJE,180
4308917.117789120413363,6585388.559166870079935,30 51 11,64 59 33,6585592.0000000000,4309398.0000000000,VILLA DE SOTO,VILLA DE SOTO,0203,14,028,CRUZ DEL EJE,200
4326983.958636130206287,6600340.030552829615772,30 43 19,64 48 28,6600432.0000000000,4326841.0000000000,CRUZ DEL EJE,CRUZ DEL EJE,0182,14,028,CRUZ DEL EJE,050
4379678.381487679667771,6543424.764179660007358,31 12 53,64 16 37,6546492.0000000000,4378327.0000000000,LAS CORZUELAS,UNQUILLO,0168,14,021,COLON,175
4379745.902377209626138,6536509.83169605024159,31 18 05,64 14 18,6536901.0000000000,4382114.0000000000,LA MORADA,VILLA ALLENDE,0175,14,021,COLON,165
4377150.698266940191388,6548288.998937739990652,31 12 53,64 16 37,6546492.0000000000,4378327.0000000000,BARRIO NUEVO RIO CEBALLOS,RIO CEBALLOS,0147,14,021,COLON,025
4402755.46950193028897,6567363.592681660316885,31 01 40,64 01 09,6567465.0000000000,4402702.0000000000,COLONIA VICENTE AG�ERO,COLONIA VICENTE AG�ERO,2098,14,021,COLON,070
4398431.736397909931839,6544114.841390069574118,31 14 09,64 04 02,6544358.0000000000,4398322.0000000000,COLONIA TIROLESA,COLONIA TIROLESA,0098,14,021,COLON,060
4378153.386555990204215,6574578.779333470389247,30 57 34,64 16 32,6574788.0000000000,4378136.0000000000,ASCOCHINGA,LA GRANJA,0126,14,021,COLON,020
4387703.152142450213432,6536345.330688149668276,31 18 36,64 10 50,6536005.0000000000,4387618.0000000000,PARQUE NORTE - CIUDAD DE LOS NI�OS - VILLA PASTORA - ALMIRANTE BROWN - GUI�AZU NORTE - 1 DE AGOSTO,ESTACION JUAREZ CELMAN,0105,14,021,COLON,310
4375819.5,6540939.5,31 15 48,64 18 14,6541047.0000000000,4375817.0000000000,MENDIOLAZA,MENDIOLAZA,0140,14,021,COLON,200
4398140.5,6568485.5,31 01 02,64 04 00,6568592.0000000000,4398139.0000000000,COLONIA CAROYA,COLONIA CAROYA,0091,14,021,COLON,050
4404880,6531634,31 21 00,63 59 59,6531742.0000000000,4404878.0000000000,MI GRANJA,MI GRANJA,2119,14,021,COLON,210
4389140.5,6539892.0,31 16 27,64 09 51,6539999.0000000000,4389138.0000000000,VILLA LOS LLANOS - JUAREZ CELMAN,ESTACION JUAREZ CELMAN,0105,14,021,COLON,320
4376339.5,6563708.0,31 03 30,64 17 44,6563815.0000000000,4376337.0000000000,AGUA DE ORO,AGUA DE ORO,0084,14,021,COLON,010
4378694.866642580367625,6568740.839066560380161,31 00 20,64 15 42,6569705.0000000000,4379506.0000000000,LA GRANJA,LA GRANJA,0126,14,021,COLON,160
4374791.782496839761734,6559846.665242950432003,31 05 11,64 18 52,6560668.0000000000,4374565.0000000000,CANTERAS EL SAUCE,EL MANZANO,2105,14,021,COLON,030
4376133.552320909686387,6560958.927218629978597,31 04 54,64 17 59,6561200.0000000000,4375962.0000000000,EL MANZANO,EL MANZANO,2105,14,021,COLON,110
4391181.0,6555454.5,31 08 03,64 08 28,6555562.0000000000,4391179.0000000000,GENERAL PAZ,ESTACION GENERAL PAZ,2112,14,021,COLON,130
4400076.5,6529638.5,31 22 04,64 03 01,6529747.0000000000,4400075.0000000000,MALVINAS ARGENTINAS,MALVINAS ARGENTINAS,0133,14,021,COLON,190
4395327.5,6572454.5,30 58 52,64 05 45,6572561.0000000000,4395326.0000000000,JESUS MARIA,JESUS MARIA,0112,14,021,COLON,140
4376913,6554775,31 08 20,64 17 26,6554882.0000000000,4376911.0000000000,SALSIPUEDES,SALSIPUEDES,0161,14,021,COLON,250
4376697.5,6537762.5,31 17 32,64 17 42,6537870.0000000000,4376695.0000000000,VILLA ALLENDE,VILLA ALLENDE,0175,14,021,COLON,290
4378200.859059019945562,6546486.740351630374789,31 12 53,64 16 37,6546492.0000000000,4378327.0000000000,PAJAS BLANCAS,RIO CEBALLOS,0147,14,021,COLON,220
4375146.5,6550759.5,31 10 29,64 18 35,6550867.0000000000,4375144.0000000000,RIO CEBALLOS,RIO CEBALLOS,0147,14,021,COLON,230
4374453,6544416,31 13 55,64 19 04,6544524.0000000000,4374451.0000000000,UNQUILLO,UNQUILLO,0168,14,021,COLON,280
4366217.07649889960885,6531407.701575759798288,31 20 34,64 23 57,6532127.0000000000,4366838.0000000000,CASA BAMBA,LA CALERA,0119,14,021,COLON,040
4372787,6531954,31 20 39,64 20 12,6532062.0000000000,4372785.0000000000,LA CALERA,LA CALERA,0119,14,021,COLON,150
4375166.818140969611704,6535615.062604369595647,31 18 51,64 18 46,6535404.0000000000,4375020.0000000000,SALDAN,SALDAN,0154,14,021,COLON,240
4399456.310470039956272,6541039.986428380012512,31 16 25,64 00 54,6540217.0000000000,4403334.0000000000,ESTACION COLONIA TIROLESA,COLONIA TIROLESA,0098,14,021,COLON,120
4382116.5,6536793.0,31 18 05,64 14 18,6536901.0000000000,4382114.0000000000,COUNTRY SAN ISIDRO - COUNTRY CHACRAS DE LA VILLA,VILLA ALLENDE,0175,14,021,COLON,090
4375783.039395480416715,6569429.796368739567697,30 59 21,64 22 40,6571392.0000000000,4368389.0000000000,CORRAL QUEMADO,LA GRANJA,0126,14,021,COLON,080
4397648.962406679987907,6541711.401297369971871,31 15 34,64 04 31,6541714.0000000000,4397581.0000000000,SANTA ELENA,COLONIA TIROLESA,0098,14,021,COLON,260
4374049.5,6562351.5,31 04 13,64 19 11,6562458.0000000000,4374047.0000000000,VILLA CERRO AZUL,VILLA CERRO AZUL,2126,14,021,COLON,300
4414980.26456712000072,6556842.687870870344341,31 07 26,63 53 33,6556914.0000000000,4414883.0000000000,TINOCO,TINOCO,2728,14,021,COLON,270
4381844.774641269817948,6568375.981056040152907,31 01 00,64 13 31,6568495.0000000000,4382986.0000000000,LOS MOLLES,LA GRANJA,0126,14,021,COLON,180
4400735.576914450153708,6554739.427907880395651,31 08 31,64 02 25,6554790.0000000000,4400799.0000000000,LA PUERTA,COLONIA TIROLESA,0098,14,021,COLON,170
4405282.430923569947481,6521386.020787609741092,31 22 04,64 03 01,6529747.0000000000,4400075.0000000000,VILLA CORAZON DE MARIA,MALVINAS ARGENTINAS,0133,14,021,COLON,075
4387476.0,6524396.5,31 24 50,64 10 60,6524504.0000000000,4387474.0000000000,CORDOBA,CORDOBA,0077,14,014,CAPITAL,010
4332463.243255180306733,6440172.815762639977038,,,6447258.0000000000,4334425.0000000000,EL DURAZNO,VILLA YACANTO,0070,14,007,CALAMUCHITA,055
4362683.151156660169363,6439745.215919259935617,32 10 11,64 27 24,6440367.0000000000,4362591.0000000000,VILLA DEL DIQUE,VILLA DEL DIQUE,0042,14,007,CALAMUCHITA,290
4360504.269510080106556,6438136.618445510044694,32 11 22,64 28 45,6438154.0000000000,4360507.0000000000,VILLA RUMIPAL,VILLA RUMIPAL,0063,14,007,CALAMUCHITA,340
4345622.769814779981971,6418235.664904070086777,32 22 05,64 38 33,6418119.0000000000,4345407.0000000000,CA�ADA DEL SAUCE,CA�ADA DEL SAUCE,2021,14,007,CALAMUCHITA,030
4348948.963570609688759,6467192.342358309775591,31 56 31,64 36 60,6465401.0000000000,4347143.0000000000,CAPILLA VIEJA,LOS REARTES,2049,14,007,CALAMUCHITA,040
4353818.058306599967182,6469193.270938130095601,31 54 43,64 31 41,6468867.0000000000,4355473.0000000000,VILLA CIUDAD PARQUE LOS REARTES,VILLA CIUDAD PARQUE LOS REARTES,2084,14,007,CALAMUCHITA,270
4351117.546359229832888,6469128.557164410129189,31 55 11,64 34 32,6467917.0000000000,4350988.0000000000,LOS REARTES,LOS REARTES,2049,14,007,CALAMUCHITA,130
4334487.927908279933035,6447181.645612839609385,32 06 14,64 45 15,6447258.0000000000,4334425.0000000000,VILLA YACANTO,VILLA YACANTO,0070,14,007,CALAMUCHITA,360
4352669.81469099968672,6461327.695554579608142,31 58 51,64 33 38,6461176.0000000000,4352494.0000000000,VILLA GENERAL BELGRANO,VILLA GENERAL BELGRANO,0049,14,007,CALAMUCHITA,310
4336384.284963520243764,6468367.93259319011122,31 54 19,64 44 34,6469296.0000000000,4335129.0000000000,VILLA BERNA,,,14,007,CALAMUCHITA,260
4335427.791975460015237,6423411.866576090455055,32 17 56,64 43 32,6425656.0000000000,4337478.0000000000,LUTTI,LUTTI,2056,14,007,CALAMUCHITA,140
4374328.288381019607186,6448611.762208799831569,32 05 43,64 19 52,6448758.0000000000,4374350.0000000000,LAS BAJADAS,LAS BAJADAS,2028,14,007,CALAMUCHITA,090
4358205.622400210238993,6443030.532754429616034,32 08 59,64 30 06,6442519.0000000000,4358334.0000000000,EL CORCOVADO - EL TORREON,VILLA RUMIPAL,0063,14,007,CALAMUCHITA,050
4357062.742475950159132,6440698.235546980053186,32 10 00,64 30 59,6440611.0000000000,4356964.0000000000,SAN IGNACIO (Loteo San Javier),SAN IGNACIO,2063,14,007,CALAMUCHITA,190
4369980.0,6440868.5,32 09 54,64 22 42,6440980.0000000000,4369977.0000000000,SEGUNDA USINA,SEGUNDA USINA,2070,14,007,CALAMUCHITA,220
4356681.61010549031198,6415870.108327450230718,32 23 22,64 31 07,6415923.0000000000,4357106.0000000000,LAS CALERAS,LAS CALERAS,2035,14,007,CALAMUCHITA,100
4356492.229638109914958,6429477.64285976998508,32 16 00,64 31 14,6429520.0000000000,4356734.0000000000,VILLA LA RIVERA,VILLA QUILLINZO,2091,14,007,CALAMUCHITA,320
4357228.337039100006223,6433096.957626840099692,32 14 18,64 32 07,6432658.0000000000,4355295.0000000000,VILLA QUILLINZO,VILLA QUILLINZO,2091,14,007,CALAMUCHITA,330
4350923.299399569630623,6431054.733872699551284,32 15 15,64 35 06,6430815.0000000000,4350634.0000000000,VILLA EL TALA,,,14,007,CALAMUCHITA,300
4348532.591324710287154,6430482.934633349999785,32 15 43,64 35 37,6429940.0000000000,4349826.0000000000,ARROYO SAN ANTONIO,,,14,007,CALAMUCHITA,020
4352076.896327800117433,6438245.735908060334623,32 11 11,64 34 14,6438363.0000000000,4351896.0000000000,VILLA AMANCAY,VILLA AMANCAY,2077,14,007,CALAMUCHITA,250
4351420.853127679787576,6439463.09908933006227,32 10 33,64 34 36,6439516.0000000000,4351304.0000000000,AMBOY,AMBOY,2007,14,007,CALAMUCHITA,010
4361678.5,6456432.5,32 01 25,64 27 51,6456543.0000000000,4361676.0000000000,PARQUE CALMAYO,CALMAYO,2014,14,007,CALAMUCHITA,160
4369942.004665889777243,6474735.959884540177882,31 51 25,64 22 41,6475162.0000000000,4369586.0000000000,LOS MOLINOS,LOS MOLINOS,2042,14,007,CALAMUCHITA,120
4354212.017429330386221,6473369.837609820067883,31 49 34,64 31 11,6478377.0000000000,4356114.0000000000,SOLAR DE LOS MOLINOS,VILLA CIUDAD PARQUE LOS REARTES,2084,14,007,CALAMUCHITA,230
4328603.96391240041703,6463480.257231909781694,31 57 12,64 48 48,6463860.0000000000,4328561.0000000000,VILLA ALPINA,,,14,007,CALAMUCHITA,240
4332036.834156010299921,6470177.660108690150082,31 53 49,64 46 52,6470147.0000000000,4331507.0000000000,LA CUMBRECITA,LA CUMBRECITA,3015,14,007,CALAMUCHITA,080
4370153.777857130393386,6461874.890036970376968,31 58 35,64 22 24,6461916.0000000000,4370193.0000000000,SAN AGUSTIN,SAN AGUSTIN,0056,14,007,CALAMUCHITA,180
4350831.295280549675226,6400404.493979260325432,32 31 36,64 35 13,6400612.0000000000,4350899.0000000000,RIO DE LOS SAUCES,RIO DE LOS SAUCES,0028,14,007,CALAMUCHITA,170
4360263.487025099806488,6425522.548466180451214,32 18 12,64 28 59,6425503.0000000000,4360313.0000000000,LA CRUZ,LA CRUZ,0014,14,007,CALAMUCHITA,070
4379599.571707,6423869.457573330029845,32 19 16,64 16 52,6423783.0000000000,4379373.0000000000,LOS CONDORES,LOS CONDORES,0021,14,007,CALAMUCHITA,110
4367945.5,6436242.5,32 12 23,64 24 02,6436354.0000000000,4367943.0000000000,EMBALSE,EMBALSE,0007,14,007,CALAMUCHITA,060
4354810.0,6451199.5,32 04 12,64 32 15,6451310.0000000000,4354807.0000000000,SANTA ROSA DE CALAMUCHITA,SANTA ROSA DE CALAMUCHITA,0035,14,007,CALAMUCHITA,210
